{"type": "FeatureCollection", "features": [
{"id":"fa13a152-61e4-45ab-a61a-33c3bacb8074","type":"Feature","geometry":{"type":"Polygon","coordinates":[[[144.2783191,-36.7611509],[144.2782855,-36.7611752],[144.2783528,-36.7612348],[144.278398,-36.7612001],[144.278396,-36.7611639],[144.2784221,-36.7611472],[144.2784667,-36.7611488],[144.2785211,-36.7611091],[144.2784553,-36.7610532],[144.2784209,-36.7610772],[144.2783191,-36.7611509]]]},"properties":{"sources":[{"property":"","dataset":"OpenStreetMap","license":"ODbL-1.0","record_id":"w1080859751@1","update_time":"2022-07-24T02:53:50.000Z","confidence":null,"between":null,"provider":"osm","resource":"planet","version":"2026-08-02T00:00:00.000Z"}],"is_underground":false,"has_parts":false,"version":1}},
{"id":"74601db4-4c2c-4dbe-a353-44b3fed7d428","type":"Feature","geometry":{"type":"Polygon","coordinates":[[[144.2785175,-36.7614742],[144.2784444,-36.7615261],[144.278633,-36.7616944],[144.2787055,-36.7616417],[144.2785175,-36.7614742]]]},"properties":{"sources":[{"property":"","dataset":"OpenStreetMap","license":"ODbL-1.0","record_id":"w1080859782@1","update_time":"2022-07-24T02:53:50.000Z","confidence":null,"between":null,"provider":"osm","resource":"planet","version":"2026-08-02T00:00:00.000Z"}],"is_underground":false,"has_parts":false,"version":1}},
{"id":"99129154-f2d9-4102-aa96-72f5e75ddb00","type":"Feature","geometry":{"type":"Polygon","coordinates":[[[144.2787251,-36.7616191],[144.2788003,-36.7615646],[144.2786147,-36.7614005],[144.2785397,-36.7614549],[144.2787251,-36.7616191]]]},"properties":{"sources":[{"property":"","dataset":"OpenStreetMap","license":"ODbL-1.0","record_id":"w1080859804@1","update_time":"2022-07-24T02:53:50.000Z","confidence":null,"between":null,"provider":"osm","resource":"planet","version":"2026-08-02T00:00:00.000Z"}],"is_underground":false,"has_parts":false,"version":1}},
{"id":"7b018b7b-e164-4d02-aabd-adc848a2027e","type":"Feature","geometry":{"type":"Polygon","coordinates":[[[144.2786147,-36.7614005],[144.2788003,-36.7615646],[144.2788762,-36.7615094],[144.2788387,-36.7614762],[144.2786907,-36.7613454],[144.2786147,-36.7614005]]]},"properties":{"sources":[{"property":"","dataset":"OpenStreetMap","license":"ODbL-1.0","record_id":"w1080859803@1","update_time":"2022-07-24T02:53:50.000Z","confidence":null,"between":null,"provider":"osm","resource":"planet","version":"2026-08-02T00:00:00.000Z"}],"is_underground":false,"has_parts":false,"version":1}},
{"id":"4149b6c1-884a-4b52-a72a-b1b38a081b9c","type":"Feature","geometry":{"type":"Polygon","coordinates":[[[144.2789039,-36.761429],[144.2788387,-36.7614762],[144.2788762,-36.7615094],[144.2789149,-36.7615433],[144.2790283,-36.7614591],[144.2789407,-36.7614009],[144.2789039,-36.761429]]]},"properties":{"sources":[{"property":"","dataset":"OpenStreetMap","license":"ODbL-1.0","record_id":"w1080859798@1","update_time":"2022-07-24T02:53:50.000Z","confidence":null,"between":null,"provider":"osm","resource":"planet","version":"2026-08-02T00:00:00.000Z"}],"is_underground":false,"has_parts":false,"version":1}},
{"id":"071fc986-029d-4ae2-9277-ca9d1aca1cc3","type":"Feature","geometry":{"type":"Polygon","coordinates":[[[144.2790283,-36.7614591],[144.2789149,-36.7615433],[144.2789937,-36.7616123],[144.2791232,-36.7615179],[144.2790283,-36.7614591]]]},"properties":{"sources":[{"property":"","dataset":"OpenStreetMap","license":"ODbL-1.0","record_id":"w1080859797@1","update_time":"2022-07-24T02:53:50.000Z","confidence":null,"between":null,"provider":"osm","resource":"planet","version":"2026-08-02T00:00:00.000Z"}],"is_underground":false,"has_parts":false,"version":1}},
{"id":"775e40f2-1787-4a3d-8543-02fffe5e1ff1","type":"Feature","geometry":{"type":"Polygon","coordinates":[[[144.2790308,-36.761223],[144.2789291,-36.761298],[144.2790042,-36.7613404],[144.2789727,-36.7613711],[144.2789469,-36.7613965],[144.2790283,-36.7614591],[144.2791232,-36.7615179],[144.2792569,-36.7614243],[144.2790308,-36.761223]]]},"properties":{"sources":[{"property":"","dataset":"OpenStreetMap","license":"ODbL-1.0","record_id":"w1080859715@1","update_time":"2022-07-24T02:53:50.000Z","confidence":null,"between":null,"provider":"osm","resource":"planet","version":"2026-08-02T00:00:00.000Z"}],"is_underground":false,"has_parts":false,"version":1}},
{"id":"7889b76b-99b4-4b04-93e0-df9da8db9790","type":"Feature","geometry":{"type":"Polygon","coordinates":[[[144.2787561,-36.7612981],[144.2786907,-36.7613454],[144.2788387,-36.7614762],[144.2789039,-36.761429],[144.2787561,-36.7612981]]]},"properties":{"sources":[{"property":"","dataset":"OpenStreetMap","license":"ODbL-1.0","record_id":"w1080859801@1","update_time":"2022-07-24T02:53:50.000Z","confidence":null,"between":null,"provider":"osm","resource":"planet","version":"2026-08-02T00:00:00.000Z"}],"is_underground":false,"has_parts":false,"version":1}},
{"id":"882ce7d1-4e35-400b-a454-7a314ffc0743","type":"Feature","geometry":{"type":"Polygon","coordinates":[[[144.2787749,-36.7612838],[144.2789469,-36.7613965],[144.2789727,-36.7613711],[144.2790042,-36.7613404],[144.2789291,-36.761298],[144.2788309,-36.7612427],[144.2787749,-36.7612838]]]},"properties":{"sources":[{"property":"","dataset":"OpenStreetMap","license":"ODbL-1.0","record_id":"w1080859796@1","update_time":"2022-07-24T02:53:50.000Z","confidence":null,"between":null,"provider":"osm","resource":"planet","version":"2026-08-02T00:00:00.000Z"}],"is_underground":false,"has_parts":false,"version":1}},
{"id":"75a1f61a-a5f1-41e1-ac93-ae798bf258d6","type":"Feature","geometry":{"type":"Polygon","coordinates":[[[144.2790308,-36.761223],[144.2789527,-36.7611535],[144.2788309,-36.7612427],[144.2789291,-36.761298],[144.2790308,-36.761223]]]},"properties":{"sources":[{"property":"","dataset":"OpenStreetMap","license":"ODbL-1.0","record_id":"w1080859795@1","update_time":"2022-07-24T02:53:50.000Z","confidence":null,"between":null,"provider":"osm","resource":"planet","version":"2026-08-02T00:00:00.000Z"}],"is_underground":false,"has_parts":false,"version":1}},
{"id":"3f2fe436-cf6d-41fd-a36d-ff627995e4d2","type":"Feature","geometry":{"type":"Polygon","coordinates":[[[144.2790308,-36.761223],[144.2792569,-36.7614243],[144.2793304,-36.7613714],[144.2790262,-36.7611006],[144.2789527,-36.7611535],[144.2790308,-36.761223]]]},"properties":{"sources":[{"property":"","dataset":"OpenStreetMap","license":"ODbL-1.0","record_id":"w1080859794@1","update_time":"2022-07-24T02:53:50.000Z","confidence":null,"between":null,"provider":"osm","resource":"planet","version":"2026-08-02T00:00:00.000Z"}],"is_underground":false,"has_parts":false,"version":1}},
{"id":"00db7eb3-6a19-4b91-9525-b904e4b8932b","type":"Feature","geometry":{"type":"Polygon","coordinates":[[[144.2791919,-36.7609811],[144.2790262,-36.7611006],[144.2793304,-36.7613714],[144.279496,-36.761252],[144.2794148,-36.7611796],[144.2791919,-36.7609811]]]},"properties":{"sources":[{"property":"","dataset":"OpenStreetMap","license":"ODbL-1.0","record_id":"w1080859793@1","update_time":"2022-07-24T02:53:50.000Z","confidence":null,"between":null,"provider":"osm","resource":"planet","version":"2026-08-02T00:00:00.000Z"}],"is_underground":false,"has_parts":false,"version":1}},
{"id":"ecea2348-4804-49c1-9402-e9cab7bc00e7","type":"Feature","geometry":{"type":"Polygon","coordinates":[[[144.2793276,-36.7608833],[144.2791919,-36.7609811],[144.2794148,-36.7611796],[144.2795506,-36.7610817],[144.2793276,-36.7608833]]]},"properties":{"sources":[{"property":"","dataset":"OpenStreetMap","license":"ODbL-1.0","record_id":"w1080859792@1","update_time":"2022-07-24T02:53:50.000Z","confidence":null,"between":null,"provider":"osm","resource":"planet","version":"2026-08-02T00:00:00.000Z"},{"property":"/properties/height","dataset":"Microsoft ML Buildings","license":"ODbL-1.0","record_id":null,"update_time":"2000-01-01T00:00:00.000Z","confidence":null,"between":null,"provider":"microsoft","resource":"ml_buildings","version":"2025-02-25"}],"height":5.8185272216796875,"is_underground":false,"has_parts":false,"version":2}},
{"id":"90ebe60a-b0fb-4d4a-b702-03ad739bf9b1","type":"Feature","geometry":{"type":"Polygon","coordinates":[[[144.2796122,-36.7613549],[144.2796047,-36.7613605],[144.2795759,-36.7613357],[144.2794929,-36.7613975],[144.2795215,-36.7614222],[144.2794105,-36.7615049],[144.2795912,-36.7616605],[144.2797927,-36.7615103],[144.2796122,-36.7613549]]]},"properties":{"sources":[{"property":"","dataset":"OpenStreetMap","license":"ODbL-1.0","record_id":"w1080859783@1","update_time":"2022-07-24T02:53:50.000Z","confidence":null,"between":null,"provider":"osm","resource":"planet","version":"2026-08-02T00:00:00.000Z"},{"property":"/properties/height","dataset":"Microsoft ML Buildings","license":"ODbL-1.0","record_id":null,"update_time":"2000-01-01T00:00:00.000Z","confidence":null,"between":null,"provider":"microsoft","resource":"ml_buildings","version":"2025-02-25"}],"height":5.505491256713867,"is_underground":false,"has_parts":false,"version":2}},
{"id":"17d99824-c22f-47bf-b0b4-219ae623835d","type":"Feature","geometry":{"type":"Polygon","coordinates":[[[144.2797472,-36.7611857],[144.2799042,-36.7610699],[144.2798312,-36.7610056],[144.2797296,-36.7610795],[144.2796239,-36.7611563],[144.2796973,-36.7612211],[144.2797472,-36.7611857]]]},"properties":{"sources":[{"property":"","dataset":"OpenStreetMap","license":"ODbL-1.0","record_id":"w1080859789@1","update_time":"2022-07-24T02:53:50.000Z","confidence":null,"between":null,"provider":"osm","resource":"planet","version":"2026-08-02T00:00:00.000Z"}],"is_underground":false,"has_parts":false,"version":1}},
{"id":"af5fdb72-783d-4d63-b3d6-4486bb620306","type":"Feature","geometry":{"type":"Polygon","coordinates":[[[144.2796874,-36.7610422],[144.2797296,-36.7610795],[144.2798312,-36.7610056],[144.279789,-36.7609683],[144.2796874,-36.7610422]]]},"properties":{"sources":[{"property":"","dataset":"OpenStreetMap","license":"ODbL-1.0","record_id":"w1080859788@1","update_time":"2022-07-24T02:53:50.000Z","confidence":null,"between":null,"provider":"osm","resource":"planet","version":"2026-08-02T00:00:00.000Z"}],"is_underground":false,"has_parts":false,"version":1}},
{"id":"7bb6a976-9220-4362-8d43-7b22f8ebf11f","type":"Feature","geometry":{"type":"Polygon","coordinates":[[[144.2796839,-36.7613559],[144.2798348,-36.7612447],[144.279981,-36.7611368],[144.2799042,-36.7610699],[144.2797472,-36.7611857],[144.2797576,-36.7611947],[144.2796175,-36.761298],[144.2796839,-36.7613559]]]},"properties":{"sources":[{"property":"","dataset":"OpenStreetMap","license":"ODbL-1.0","record_id":"w1080859790@1","update_time":"2022-07-24T02:53:50.000Z","confidence":null,"between":null,"provider":"osm","resource":"planet","version":"2026-08-02T00:00:00.000Z"}],"is_underground":false,"has_parts":false,"version":1}},
{"id":"3f575e81-c83a-475d-8c34-8826813fe7e7","type":"Feature","geometry":{"type":"Polygon","coordinates":[[[144.2799954,-36.7611526],[144.2797559,-36.7613269],[144.2798886,-36.761444],[144.2801282,-36.7612697],[144.2799954,-36.7611526]]]},"properties":{"sources":[{"property":"","dataset":"OpenStreetMap","license":"ODbL-1.0","record_id":"w1080859791@1","update_time":"2022-07-24T02:53:50.000Z","confidence":null,"between":null,"provider":"osm","resource":"planet","version":"2026-08-02T00:00:00.000Z"},{"property":"/properties/height","dataset":"Microsoft ML Buildings","license":"ODbL-1.0","record_id":null,"update_time":"2000-01-01T00:00:00.000Z","confidence":null,"between":null,"provider":"microsoft","resource":"ml_buildings","version":"2025-02-25"}],"height":6.168158531188965,"is_underground":false,"has_parts":false,"version":2}},
{"id":"4f50ea0a-fe8d-4a7e-b5af-4f55ef3afcb8","type":"Feature","geometry":{"type":"Polygon","coordinates":[[[144.2803714,-36.7614873],[144.280346,-36.7614878],[144.2802534,-36.7615572],[144.2801616,-36.7616216],[144.2802035,-36.7616603],[144.280247,-36.7616638],[144.2803174,-36.7616133],[144.2803357,-36.7616298],[144.2803879,-36.7615925],[144.2803503,-36.761559],[144.2803927,-36.7615283],[144.2804064,-36.7615185],[144.2803714,-36.7614873]]]},"properties":{"sources":[{"property":"","dataset":"OpenStreetMap","license":"ODbL-1.0","record_id":"w1080859716@1","update_time":"2022-07-24T02:53:50.000Z","confidence":null,"between":null,"provider":"osm","resource":"planet","version":"2026-08-02T00:00:00.000Z"},{"property":"/properties/height","dataset":"Microsoft ML Buildings","license":"ODbL-1.0","record_id":null,"update_time":"2000-01-01T00:00:00.000Z","confidence":null,"between":null,"provider":"microsoft","resource":"ml_buildings","version":"2025-02-25"}],"height":6.375351905822754,"is_underground":false,"has_parts":false,"version":2}},
{"id":"287baffa-2e94-4bc7-b9d6-73f2a014dd03","type":"Feature","geometry":{"type":"Polygon","coordinates":[[[144.2809342,-36.7612981],[144.2807841,-36.7611676],[144.2806218,-36.7612873],[144.2807719,-36.7614179],[144.2808374,-36.7613695],[144.2809202,-36.7613085],[144.2809342,-36.7612981]]]},"properties":{"names":{"primary":"NAB","common":null,"rules":null},"sources":[{"property":"","dataset":"OpenStreetMap","license":"ODbL-1.0","record_id":"w837682656@5","update_time":"2025-09-10T17:06:53.000Z","confidence":null,"between":null,"provider":"osm","resource":"planet","version":"2026-08-02T00:00:00.000Z"}],"is_underground":false,"has_parts":false,"version":2}},
{"id":"dd8eb9a5-e8d3-482f-83cf-841fa895473a","type":"Feature","geometry":{"type":"Polygon","coordinates":[[[144.281018,-36.7612363],[144.2808679,-36.7611058],[144.2807841,-36.7611676],[144.2809342,-36.7612981],[144.281018,-36.7612363]]]},"properties":{"names":{"primary":"Ray White","common":null,"rules":null},"sources":[{"property":"","dataset":"OpenStreetMap","license":"ODbL-1.0","record_id":"w837682657@6","update_time":"2025-09-10T17:06:53.000Z","confidence":null,"between":null,"provider":"osm","resource":"planet","version":"2026-08-02T00:00:00.000Z"}],"is_underground":false,"subtype":"commercial","class":"retail","has_parts":false,"version":2}},
{"id":"6baadd8c-e3df-4e5a-8bc5-538dbf6b065a","type":"Feature","geometry":{"type":"Polygon","coordinates":[[[144.2808944,-36.7614191],[144.2809135,-36.7614357],[144.2809963,-36.7613746],[144.2809202,-36.7613085],[144.2808374,-36.7613695],[144.2808944,-36.7614191]]]},"properties":{"sources":[{"property":"","dataset":"OpenStreetMap","license":"ODbL-1.0","record_id":"w837682655@3","update_time":"2025-09-10T17:06:53.000Z","confidence":null,"between":null,"provider":"osm","resource":"planet","version":"2026-08-02T00:00:00.000Z"}],"is_underground":false,"subtype":"commercial","class":"retail","has_parts":false,"version":2}},
{"id":"62b41f02-5789-4ae4-a5c0-b18206296118","type":"Feature","geometry":{"type":"Polygon","coordinates":[[[144.2808175,-36.7614759],[144.2808944,-36.7614191],[144.2808374,-36.7613695],[144.2807719,-36.7614179],[144.2807608,-36.7614261],[144.2808175,-36.7614759]]]},"properties":{"names":{"primary":"Toi Shan Chinese Restaurant","common":null,"rules":null},"sources":[{"property":"","dataset":"OpenStreetMap","license":"ODbL-1.0","record_id":"w838005786@4","update_time":"2025-09-10T17:06:53.000Z","confidence":null,"between":null,"provider":"osm","resource":"planet","version":"2026-08-02T00:00:00.000Z"}],"is_underground":false,"subtype":"commercial","has_parts":false,"version":2}},
{"id":"8bb3bcbc-e8f8-45cf-a421-e4322d11b4cd","type":"Feature","geometry":{"type":"Polygon","coordinates":[[[144.2808696,-36.7615215],[144.2809468,-36.7614646],[144.2809135,-36.7614357],[144.2808944,-36.7614191],[144.2808175,-36.7614759],[144.2808696,-36.7615215]]]},"properties":{"names":{"primary":"The Tax Shop","common":null,"rules":null},"sources":[{"property":"","dataset":"OpenStreetMap","license":"ODbL-1.0","record_id":"w838005784@3","update_time":"2025-12-01T04:46:59.000Z","confidence":null,"between":null,"provider":"osm","resource":"planet","version":"2026-08-02T00:00:00.000Z"}],"is_underground":false,"has_parts":false,"version":3}},
{"id":"f5d5efc8-1de1-4af7-ba31-ae8d2272c2ac","type":"Feature","geometry":{"type":"Polygon","coordinates":[[[144.2809156,-36.7615619],[144.2809929,-36.7615048],[144.2809468,-36.7614646],[144.2808696,-36.7615215],[144.2809156,-36.7615619]]]},"properties":{"names":{"primary":"Get Naked Espresso Bar","common":null,"rules":null},"sources":[{"property":"","dataset":"OpenStreetMap","license":"ODbL-1.0","record_id":"w838005785@2","update_time":"2025-09-10T17:06:53.000Z","confidence":null,"between":null,"provider":"osm","resource":"planet","version":"2026-08-02T00:00:00.000Z"}],"is_underground":false,"has_parts":false,"version":2}},
{"id":"0fc8bd04-2e6a-49a2-812e-9d77bfbff86f","type":"Feature","geometry":{"type":"Polygon","coordinates":[[[144.2809805,-36.7616188],[144.2810641,-36.7616921],[144.2812247,-36.7615749],[144.2812746,-36.7615385],[144.2811912,-36.7614651],[144.2809805,-36.7616188]]]},"properties":{"names":{"primary":"C.R. Martin Real Estate","common":null,"rules":null},"sources":[{"property":"","dataset":"OpenStreetMap","license":"ODbL-1.0","record_id":"w838014202@5","update_time":"2025-09-10T17:06:53.000Z","confidence":null,"between":null,"provider":"osm","resource":"planet","version":"2026-08-02T00:00:00.000Z"}],"is_underground":false,"num_floors":1,"subtype":"commercial","class":"retail","has_parts":false,"version":2}},
{"id":"962366f4-c91a-4ed6-b27c-803672867746","type":"Feature","geometry":{"type":"Polygon","coordinates":[[[144.2811749,-36.7613728],[144.2809929,-36.7615048],[144.2809156,-36.7615619],[144.2809485,-36.7615907],[144.2809805,-36.7616188],[144.2811912,-36.7614651],[144.2812186,-36.7614433],[144.2812745,-36.7614526],[144.2813007,-36.7614906],[144.2815466,-36.7615314],[144.2815417,-36.7615501],[144.2815399,-36.7615581],[144.2815649,-36.7615622],[144.281588,-36.7614638],[144.2816103,-36.7613692],[144.2813718,-36.761335],[144.2813243,-36.7613282],[144.2812832,-36.7613223],[144.2812482,-36.7613187],[144.2811749,-36.7613728]]]},"properties":{"sources":[{"property":"","dataset":"OpenStreetMap","license":"ODbL-1.0","record_id":"w837682653@8","update_time":"2025-11-12T01:11:28.000Z","confidence":null,"between":null,"provider":"osm","resource":"planet","version":"2026-08-02T00:00:00.000Z"}],"is_underground":false,"has_parts":false,"version":4}},
{"id":"d0114ce4-af0e-4129-b13f-5a1ab463647f","type":"Feature","geometry":{"type":"Polygon","coordinates":[[[144.2813243,-36.7613282],[144.2813718,-36.761335],[144.2813891,-36.7612578],[144.2813416,-36.761251],[144.2813322,-36.7612929],[144.2813243,-36.7613282]]]},"properties":{"sources":[{"property":"","dataset":"OpenStreetMap","license":"ODbL-1.0","record_id":"w837695689@1","update_time":"2025-09-10T17:06:53.000Z","confidence":null,"between":null,"provider":"osm","resource":"planet","version":"2026-08-02T00:00:00.000Z"}],"is_underground":false,"has_parts":false,"version":2}},
{"id":"638f3460-e300-42c3-bc46-9550b546a8b3","type":"Feature","geometry":{"type":"Polygon","coordinates":[[[144.2812832,-36.7613223],[144.2813243,-36.7613282],[144.2813322,-36.7612929],[144.281291,-36.761287],[144.2812832,-36.7613223]]]},"properties":{"sources":[{"property":"","dataset":"OpenStreetMap","license":"ODbL-1.0","record_id":"w837695688@1","update_time":"2025-09-10T17:06:53.000Z","confidence":null,"between":null,"provider":"osm","resource":"planet","version":"2026-08-02T00:00:00.000Z"}],"is_underground":false,"has_parts":false,"version":2}},
{"id":"cdabd181-2b35-4d13-856f-b7e9afdd35a9","type":"Feature","geometry":{"type":"Polygon","coordinates":[[[144.2811749,-36.7613728],[144.2811346,-36.7613377],[144.2811157,-36.7613516],[144.2811028,-36.7613611],[144.2811358,-36.7613899],[144.2811749,-36.7613728]]]},"properties":{"sources":[{"property":"","dataset":"OpenStreetMap","license":"ODbL-1.0","record_id":"w837704576@1","update_time":"2025-09-10T17:06:53.000Z","confidence":null,"between":null,"provider":"osm","resource":"planet","version":"2026-08-02T00:00:00.000Z"}],"is_underground":false,"has_parts":false,"version":2}},
{"id":"dc810140-b62d-4843-a764-48edc4ec8e71","type":"Feature","geometry":{"type":"Polygon","coordinates":[[[144.2811346,-36.7613377],[144.2810956,-36.7613038],[144.2810767,-36.7613176],[144.2811157,-36.7613516],[144.2811346,-36.7613377]]]},"properties":{"sources":[{"property":"","dataset":"OpenStreetMap","license":"ODbL-1.0","record_id":"w837704577@1","update_time":"2025-09-10T17:06:53.000Z","confidence":null,"between":null,"provider":"osm","resource":"planet","version":"2026-08-02T00:00:00.000Z"}],"is_underground":false,"has_parts":false,"version":2}},
{"id":"704b5767-47ac-4a54-8209-53ef664f0989","type":"Feature","geometry":{"type":"Polygon","coordinates":[[[144.2810908,-36.7611827],[144.280935,-36.7610472],[144.2808623,-36.7611009],[144.2808679,-36.7611058],[144.281018,-36.7612363],[144.2810956,-36.7613038],[144.2811346,-36.7613377],[144.2811749,-36.7613728],[144.2812482,-36.7613187],[144.2812167,-36.7612922],[144.2811841,-36.7612638],[144.2810908,-36.7611827]]]},"properties":{"names":{"primary":"Masons of Bendigo","common":null,"rules":null},"sources":[{"property":"","dataset":"OpenStreetMap","license":"ODbL-1.0","record_id":"w837682658@5","update_time":"2025-11-12T01:11:28.000Z","confidence":null,"between":null,"provider":"osm","resource":"planet","version":"2026-08-02T00:00:00.000Z"}],"is_underground":false,"subtype":"commercial","has_parts":false,"version":4}},
{"id":"5ee411cd-baa8-4b51-a717-4f167e070370","type":"Feature","geometry":{"type":"Polygon","coordinates":[[[144.2813642,-36.7611343],[144.2811145,-36.7609203],[144.280935,-36.7610472],[144.2810908,-36.7611827],[144.2811841,-36.7612638],[144.2812654,-36.7612054],[144.2813642,-36.7611343]]]},"properties":{"sources":[{"property":"","dataset":"OpenStreetMap","license":"ODbL-1.0","record_id":"w837682662@5","update_time":"2025-11-12T01:11:28.000Z","confidence":null,"between":null,"provider":"osm","resource":"planet","version":"2026-08-02T00:00:00.000Z"}],"is_underground":false,"subtype":"commercial","class":"retail","has_parts":false,"version":4}},
{"id":"45a78de4-606f-480d-9819-14d8694ae306","type":"Feature","geometry":{"type":"Polygon","coordinates":[[[144.2811678,-36.7608823],[144.2811145,-36.7609203],[144.2813642,-36.7611343],[144.2813934,-36.7610845],[144.2811678,-36.7608823]]]},"properties":{"names":{"primary":"Noone Imagewear","common":null,"rules":null},"sources":[{"property":"","dataset":"OpenStreetMap","license":"ODbL-1.0","record_id":"w837704574@5","update_time":"2025-11-12T01:11:28.000Z","confidence":null,"between":null,"provider":"osm","resource":"planet","version":"2026-08-02T00:00:00.000Z"}],"is_underground":false,"has_parts":false,"version":4}},
{"id":"ca5e89e1-7560-41a6-a562-abfe25a613a9","type":"Feature","geometry":{"type":"Polygon","coordinates":[[[144.2812654,-36.7612054],[144.2811841,-36.7612638],[144.2812167,-36.7612922],[144.281297,-36.7612328],[144.2812654,-36.7612054]]]},"properties":{"sources":[{"property":"","dataset":"OpenStreetMap","license":"ODbL-1.0","record_id":"w837682661@2","update_time":"2025-11-12T01:11:28.000Z","confidence":null,"between":null,"provider":"osm","resource":"planet","version":"2026-08-02T00:00:00.000Z"}],"is_underground":false,"subtype":"commercial","class":"retail","has_parts":false,"version":4}},
{"id":"89b64581-7fda-49e3-878b-03923eb1a4e6","type":"Feature","geometry":{"type":"Polygon","coordinates":[[[144.281297,-36.7612328],[144.2812167,-36.7612922],[144.2812482,-36.7613187],[144.2813527,-36.7612409],[144.2813221,-36.7612143],[144.281297,-36.7612328]]]},"properties":{"sources":[{"property":"","dataset":"OpenStreetMap","license":"ODbL-1.0","record_id":"w837682660@1","update_time":"2025-09-10T17:06:53.000Z","confidence":null,"between":null,"provider":"osm","resource":"planet","version":"2026-08-02T00:00:00.000Z"}],"is_underground":false,"has_parts":false,"version":2}},
{"id":"1899e02e-e67a-447b-a32a-6c7418219edf","type":"Feature","geometry":{"type":"Polygon","coordinates":[[[144.2813891,-36.7612578],[144.2813718,-36.761335],[144.2816103,-36.7613692],[144.2816415,-36.7612295],[144.281403,-36.7611954],[144.2813891,-36.7612578]]]},"properties":{"names":{"primary":"Bendigo Wholefoods","common":null,"rules":null},"sources":[{"property":"","dataset":"OpenStreetMap","license":"ODbL-1.0","record_id":"w837695690@4","update_time":"2025-09-10T17:06:53.000Z","confidence":null,"between":null,"provider":"osm","resource":"planet","version":"2026-08-02T00:00:00.000Z"}],"is_underground":false,"has_parts":false,"version":2}},
{"id":"185ff55e-9c36-4cad-a423-fa966b91f3d9","type":"Feature","geometry":{"type":"Polygon","coordinates":[[[144.279079,-36.7584907],[144.2789809,-36.7585604],[144.2791748,-36.7587356],[144.279375,-36.7585933],[144.2791871,-36.7584235],[144.279328,-36.7583233],[144.279247,-36.7582502],[144.2790039,-36.7584229],[144.279079,-36.7584907]]]},"properties":{"names":{"primary":"Bendigo RSL Museum","common":null,"rules":null},"sources":[{"property":"","dataset":"OpenStreetMap","license":"ODbL-1.0","record_id":"w179588243@7","update_time":"2025-03-04T08:39:41.000Z","confidence":null,"between":null,"provider":"osm","resource":"planet","version":"2026-08-02T00:00:00.000Z"}],"is_underground":false,"subtype":"entertainment","has_parts":false,"version":1}},
{"id":"52f3c561-a635-4302-9cbf-cb94f70e8013","type":"Feature","geometry":{"type":"Polygon","coordinates":[[[144.2787369,-36.7594291],[144.2787188,-36.7594129],[144.2786679,-36.7594495],[144.278686,-36.7594657],[144.2787369,-36.7594291]]]},"properties":{"sources":[{"property":"","dataset":"OpenStreetMap","license":"ODbL-1.0","record_id":"w1117293037@3","update_time":"2025-11-12T01:25:44.000Z","confidence":null,"between":null,"provider":"osm","resource":"planet","version":"2026-08-02T00:00:00.000Z"}],"level":1,"is_underground":false,"subtype":"outbuilding","class":"roof","has_parts":false,"version":3}},
{"id":"4e7202df-1d1f-4281-8efd-ce7b3a24dd34","type":"Feature","geometry":{"type":"Polygon","coordinates":[[[144.2784613,-36.7604616],[144.2788821,-36.7601667],[144.2785245,-36.7598488],[144.2779894,-36.7600622],[144.2782307,-36.7602804],[144.278217,-36.7602911],[144.2781999,-36.7603044],[144.2780666,-36.7604079],[144.277974,-36.7604799],[144.2777581,-36.7602755],[144.2772866,-36.7611552],[144.2773873,-36.7612529],[144.27752950000001,-36.7611552],[144.2775156,-36.7611432],[144.2775774,-36.7611001],[144.2775898,-36.761113],[144.2777361,-36.7610032],[144.2777042,-36.7609764],[144.2782549,-36.7605699],[144.2784049,-36.7604592],[144.2784314,-36.7604396],[144.2784613,-36.7604616]]]},"properties":{"sources":[{"property":"","dataset":"OpenStreetMap","license":"ODbL-1.0","record_id":"w1035965766@7","update_time":"2023-08-21T00:16:42.000Z","confidence":null,"between":null,"provider":"osm","resource":"planet","version":"2026-08-02T00:00:00.000Z"}],"is_underground":false,"num_floors":6,"subtype":"commercial","class":"office","has_parts":false,"version":1}},
{"id":"415b8103-6248-41dd-ae63-5dd6e4b03fdb","type":"Feature","geometry":{"type":"Polygon","coordinates":[[[144.2783853,-36.7607161],[144.2782471,-36.7608187],[144.2785558,-36.7610854],[144.2786939,-36.7609828],[144.2783853,-36.7607161]]]},"properties":{"sources":[{"property":"","dataset":"OpenStreetMap","license":"ODbL-1.0","record_id":"w1080859749@1","update_time":"2022-07-24T02:53:50.000Z","confidence":null,"between":null,"provider":"osm","resource":"planet","version":"2026-08-02T00:00:00.000Z"}],"is_underground":false,"has_parts":false,"version":1}},
{"id":"f7f6b23c-2004-40fe-ba34-e0352a68e547","type":"Feature","geometry":{"type":"Polygon","coordinates":[[[144.2785644,-36.7606921],[144.2786359,-36.7606393],[144.278568,-36.7605799],[144.2784963,-36.760633],[144.2785644,-36.7606921]]]},"properties":{"sources":[{"property":"","dataset":"OpenStreetMap","license":"ODbL-1.0","record_id":"w1080859745@1","update_time":"2022-07-24T02:53:50.000Z","confidence":null,"between":null,"provider":"osm","resource":"planet","version":"2026-08-02T00:00:00.000Z"}],"is_underground":false,"has_parts":false,"version":1}},
{"id":"b61eca6c-f1ea-4e56-b6cd-223a8c5f3c28","type":"Feature","geometry":{"type":"Polygon","coordinates":[[[144.2786375,-36.7605287],[144.278568,-36.7605799],[144.2787094,-36.760703],[144.2787352,-36.7606839],[144.2787791,-36.7606518],[144.2787502,-36.7606268],[144.2786375,-36.7605287]]]},"properties":{"sources":[{"property":"","dataset":"OpenStreetMap","license":"ODbL-1.0","record_id":"w1080859743@1","update_time":"2022-07-24T02:53:50.000Z","confidence":null,"between":null,"provider":"osm","resource":"planet","version":"2026-08-02T00:00:00.000Z"}],"is_underground":false,"has_parts":false,"version":1}},
{"id":"824cf569-e969-42f9-b59c-5c3ae33d661f","type":"Feature","geometry":{"type":"Polygon","coordinates":[[[144.2786847,-36.7604945],[144.2786711,-36.760504],[144.2786375,-36.7605287],[144.2787502,-36.7606268],[144.2787837,-36.7606022],[144.2786847,-36.7604945]]]},"properties":{"sources":[{"property":"","dataset":"OpenStreetMap","license":"ODbL-1.0","record_id":"w1080859742@1","update_time":"2022-07-24T02:53:50.000Z","confidence":null,"between":null,"provider":"osm","resource":"planet","version":"2026-08-02T00:00:00.000Z"}],"is_underground":false,"has_parts":false,"version":1}},
{"id":"6a3d487a-31ed-475c-862b-e2d462cdba84","type":"Feature","geometry":{"type":"Polygon","coordinates":[[[144.2785644,-36.7606921],[144.2785425,-36.7607084],[144.2786345,-36.7607883],[144.2786581,-36.7607709],[144.2786758,-36.7607863],[144.2787459,-36.7607344],[144.2787308,-36.7607212],[144.2787094,-36.760703],[144.2786359,-36.7606393],[144.2785644,-36.7606921]]]},"properties":{"sources":[{"property":"","dataset":"OpenStreetMap","license":"ODbL-1.0","record_id":"w1080859744@1","update_time":"2022-07-24T02:53:50.000Z","confidence":null,"between":null,"provider":"osm","resource":"planet","version":"2026-08-02T00:00:00.000Z"}],"is_underground":false,"has_parts":false,"version":1}},
{"id":"485d4b8d-995e-479d-8ebc-0f5448d528ab","type":"Feature","geometry":{"type":"Polygon","coordinates":[[[144.2783853,-36.7607161],[144.2786939,-36.7609828],[144.2787839,-36.7609162],[144.2786792,-36.7608268],[144.2786345,-36.7607883],[144.2785425,-36.7607084],[144.2784748,-36.7606496],[144.2783853,-36.7607161]]]},"properties":{"sources":[{"property":"","dataset":"OpenStreetMap","license":"ODbL-1.0","record_id":"w1080859748@1","update_time":"2022-07-24T02:53:50.000Z","confidence":null,"between":null,"provider":"osm","resource":"planet","version":"2026-08-02T00:00:00.000Z"}],"is_underground":false,"has_parts":false,"version":1}},
{"id":"a29056ae-bf0f-45a2-9063-c26edb008f05","type":"Feature","geometry":{"type":"Polygon","coordinates":[[[144.2788259,-36.7608847],[144.2786947,-36.7607727],[144.2786659,-36.7607943],[144.2786924,-36.7608169],[144.2786792,-36.7608268],[144.2787839,-36.7609162],[144.2788259,-36.7608847]]]},"properties":{"sources":[{"property":"","dataset":"OpenStreetMap","license":"ODbL-1.0","record_id":"w1080859747@1","update_time":"2022-07-24T02:53:50.000Z","confidence":null,"between":null,"provider":"osm","resource":"planet","version":"2026-08-02T00:00:00.000Z"}],"is_underground":false,"has_parts":false,"version":1}},
{"id":"bf07fb8d-fb27-47b3-a61e-f0493a56960b","type":"Feature","geometry":{"type":"Polygon","coordinates":[[[144.2787857,-36.7607694],[144.2788762,-36.7608472],[144.2789256,-36.7608108],[144.2788359,-36.7607327],[144.2787857,-36.7607694]]]},"properties":{"sources":[{"property":"","dataset":"OpenStreetMap","license":"ODbL-1.0","record_id":"w1080859741@1","update_time":"2022-07-24T02:53:50.000Z","confidence":null,"between":null,"provider":"osm","resource":"planet","version":"2026-08-02T00:00:00.000Z"}],"is_underground":false,"has_parts":false,"version":1}},
{"id":"af7975bf-afb3-4cb1-b0bf-d69823da3681","type":"Feature","geometry":{"type":"Polygon","coordinates":[[[144.2787459,-36.7607344],[144.2786947,-36.7607727],[144.2788259,-36.7608847],[144.2788762,-36.7608472],[144.2787857,-36.7607694],[144.2787459,-36.7607344]]]},"properties":{"sources":[{"property":"","dataset":"OpenStreetMap","license":"ODbL-1.0","record_id":"w1080859746@1","update_time":"2022-07-24T02:53:50.000Z","confidence":null,"between":null,"provider":"osm","resource":"planet","version":"2026-08-02T00:00:00.000Z"}],"is_underground":false,"has_parts":false,"version":1}},
{"id":"73772237-91e9-4c70-9f78-7c5c53409d9b","type":"Feature","geometry":{"type":"Polygon","coordinates":[[[144.2787563,-36.7607025],[144.2787308,-36.7607212],[144.2787459,-36.7607344],[144.2787857,-36.7607694],[144.2788359,-36.7607327],[144.27887809999999,-36.7607019],[144.2788092,-36.7606414],[144.2787863,-36.7606581],[144.2787791,-36.7606518],[144.2787352,-36.7606839],[144.2787563,-36.7607025]]]},"properties":{"sources":[{"property":"","dataset":"OpenStreetMap","license":"ODbL-1.0","record_id":"w1080859714@1","update_time":"2022-07-24T02:53:50.000Z","confidence":null,"between":null,"provider":"osm","resource":"planet","version":"2026-08-02T00:00:00.000Z"}],"is_underground":false,"has_parts":false,"version":1}},
{"id":"715b0526-3ec4-4fe4-92f4-59cbe74b9801","type":"Feature","geometry":{"type":"Polygon","coordinates":[[[144.2788701,-36.7603605],[144.2787125,-36.760476],[144.2789603,-36.760693],[144.2791179,-36.7605775],[144.2789521,-36.7604324],[144.2789728,-36.7604174],[144.2790765,-36.7603413],[144.2790075,-36.7602807],[144.2789808,-36.7602807],[144.2788701,-36.7603605]]]},"properties":{"sources":[{"property":"","dataset":"OpenStreetMap","license":"ODbL-1.0","record_id":"w1080859736@1","update_time":"2022-07-24T02:53:50.000Z","confidence":null,"between":null,"provider":"osm","resource":"planet","version":"2026-08-02T00:00:00.000Z"},{"property":"/properties/height","dataset":"Microsoft ML Buildings","license":"ODbL-1.0","record_id":null,"update_time":"2000-01-01T00:00:00.000Z","confidence":null,"between":null,"provider":"microsoft","resource":"ml_buildings","version":"2025-02-25"}],"height":10.535579681396484,"is_underground":false,"has_parts":false,"version":2}},
{"id":"45e8e272-00ee-42b8-ae52-9b4a307ddab4","type":"Feature","geometry":{"type":"Polygon","coordinates":[[[144.2788359,-36.7607327],[144.2789256,-36.7608108],[144.2789664,-36.7607817],[144.278918,-36.7607389],[144.27887809999999,-36.7607019],[144.2788359,-36.7607327]]]},"properties":{"sources":[{"property":"","dataset":"OpenStreetMap","license":"ODbL-1.0","record_id":"w1080859740@1","update_time":"2022-07-24T02:53:50.000Z","confidence":null,"between":null,"provider":"osm","resource":"planet","version":"2026-08-02T00:00:00.000Z"}],"is_underground":false,"has_parts":false,"version":1}},
{"id":"602a89de-b459-4fdd-b94f-82c2b4b277c0","type":"Feature","geometry":{"type":"Polygon","coordinates":[[[144.278918,-36.7607389],[144.2789664,-36.7607817],[144.2790455,-36.7607252],[144.2789952,-36.7606817],[144.278918,-36.7607389]]]},"properties":{"sources":[{"property":"","dataset":"OpenStreetMap","license":"ODbL-1.0","record_id":"w1080859739@1","update_time":"2022-07-24T02:53:50.000Z","confidence":null,"between":null,"provider":"osm","resource":"planet","version":"2026-08-02T00:00:00.000Z"}],"is_underground":false,"has_parts":false,"version":1}},
{"id":"662db220-a73d-4220-961d-ebff217917af","type":"Feature","geometry":{"type":"Polygon","coordinates":[[[144.2789952,-36.7606817],[144.2790455,-36.7607252],[144.2791444,-36.7606518],[144.2791033,-36.7606163],[144.2790941,-36.7606083],[144.2789952,-36.7606817]]]},"properties":{"sources":[{"property":"","dataset":"OpenStreetMap","license":"ODbL-1.0","record_id":"w1080859738@1","update_time":"2022-07-24T02:53:50.000Z","confidence":null,"between":null,"provider":"osm","resource":"planet","version":"2026-08-02T00:00:00.000Z"}],"is_underground":false,"has_parts":false,"version":1}},
{"id":"5eee0c4b-ec59-4b61-9c98-c3a42bdc5e23","type":"Feature","geometry":{"type":"Polygon","coordinates":[[[144.2792449,-36.7604886],[144.2790765,-36.7603413],[144.2789728,-36.7604174],[144.2791412,-36.7605647],[144.2791904,-36.7605289],[144.2792449,-36.7604886]]]},"properties":{"sources":[{"property":"","dataset":"OpenStreetMap","license":"ODbL-1.0","record_id":"w1080859735@1","update_time":"2022-07-24T02:53:50.000Z","confidence":null,"between":null,"provider":"osm","resource":"planet","version":"2026-08-02T00:00:00.000Z"}],"is_underground":false,"has_parts":false,"version":1}},
{"id":"ee77e30e-777b-4b6f-aa8d-99ed4448d48b","type":"Feature","geometry":{"type":"Polygon","coordinates":[[[144.2791985,-36.7596283],[144.2790393,-36.7594866],[144.2790067,-36.7595101],[144.2791659,-36.7596518],[144.2791985,-36.7596283]]]},"properties":{"names":{"primary":"Curry Garden Indian Cuisine","common":null,"rules":null},"sources":[{"property":"","dataset":"OpenStreetMap","license":"ODbL-1.0","record_id":"w838398581@5","update_time":"2025-11-12T01:24:41.000Z","confidence":null,"between":null,"provider":"osm","resource":"planet","version":"2026-08-02T00:00:00.000Z"}],"is_underground":false,"subtype":"commercial","has_parts":false,"version":3}},
{"id":"23541a5f-de98-4162-8825-79a938d91217","type":"Feature","geometry":{"type":"Polygon","coordinates":[[[144.2791659,-36.7596518],[144.2790067,-36.7595101],[144.278975,-36.759533],[144.2791175,-36.7596598],[144.2791342,-36.7596747],[144.2791659,-36.7596518]]]},"properties":{"names":{"primary":"Jun&Nov","common":null,"rules":null},"sources":[{"property":"","dataset":"OpenStreetMap","license":"ODbL-1.0","record_id":"w838398580@5","update_time":"2025-11-12T01:24:41.000Z","confidence":null,"between":null,"provider":"osm","resource":"planet","version":"2026-08-02T00:00:00.000Z"}],"is_underground":false,"subtype":"commercial","class":"retail","has_parts":false,"version":3}},
{"id":"a71a2e6a-1570-46b4-8212-46e265d46cf6","type":"Feature","geometry":{"type":"Polygon","coordinates":[[[144.2789249,-36.7598048],[144.2789734,-36.7598476],[144.2790925,-36.7597617],[144.2790442,-36.7597187],[144.2789739,-36.7597694],[144.2789249,-36.7598048]]]},"properties":{"names":{"primary":"Jin Yang Noodle Bar","common":null,"rules":null},"sources":[{"property":"","dataset":"OpenStreetMap","license":"ODbL-1.0","record_id":"w838398577@6","update_time":"2025-11-12T01:24:41.000Z","confidence":null,"between":null,"provider":"osm","resource":"planet","version":"2026-08-02T00:00:00.000Z"}],"is_underground":false,"subtype":"commercial","has_parts":false,"version":3}},
{"id":"624fe705-6c9e-4227-84b3-b081c4a09661","type":"Feature","geometry":{"type":"Polygon","coordinates":[[[144.2791175,-36.7596598],[144.278975,-36.759533],[144.27879,-36.7596664],[144.2787892,-36.7596841],[144.2789249,-36.7598048],[144.2789739,-36.7597694],[144.2789577,-36.7597549],[144.2790671,-36.759676],[144.2790796,-36.7596872],[144.2791175,-36.7596598]]]},"properties":{"sources":[{"property":"","dataset":"OpenStreetMap","license":"ODbL-1.0","record_id":"w838398579@10","update_time":"2025-11-12T01:24:41.000Z","confidence":null,"between":null,"provider":"osm","resource":"planet","version":"2026-08-02T00:00:00.000Z"}],"is_underground":false,"num_floors":2,"subtype":"commercial","class":"retail","roof_shape":"gabled","has_parts":false,"version":3}},
{"id":"c8972f0b-9783-4fda-8e65-ec37684f65a3","type":"Feature","geometry":{"type":"Polygon","coordinates":[[[144.2789734,-36.7598476],[144.2790109,-36.7598808],[144.2791564,-36.7597758],[144.279119,-36.7597426],[144.2790925,-36.7597617],[144.2789734,-36.7598476]]]},"properties":{"sources":[{"property":"","dataset":"OpenStreetMap","license":"ODbL-1.0","record_id":"w838398578@5","update_time":"2025-11-12T01:24:41.000Z","confidence":null,"between":null,"provider":"osm","resource":"planet","version":"2026-08-02T00:00:00.000Z"}],"is_underground":false,"subtype":"commercial","class":"retail","has_parts":false,"version":3}},
{"id":"bf348678-cf97-406a-9642-dbfb8ad9c2a6","type":"Feature","geometry":{"type":"Polygon","coordinates":[[[144.2792968,-36.7597735],[144.2793097,-36.759785],[144.2794067,-36.7597151],[144.279394,-36.7597037],[144.2792611,-36.7597],[144.2792348,-36.7597192],[144.2791564,-36.7597758],[144.2790109,-36.7598808],[144.2790498,-36.7599152],[144.279216,-36.7597953],[144.2792386,-36.7598154],[144.2792968,-36.7597735]]]},"properties":{"names":{"primary":"Metalmosh","common":null,"rules":null},"sources":[{"property":"","dataset":"OpenStreetMap","license":"ODbL-1.0","record_id":"w838398573@6","update_time":"2025-11-12T01:24:41.000Z","confidence":null,"between":null,"provider":"osm","resource":"planet","version":"2026-08-02T00:00:00.000Z"}],"is_underground":false,"subtype":"commercial","class":"retail","has_parts":false,"version":3}},
{"id":"2f8902c6-ccc0-4dc4-acaa-6bba55f640bd","type":"Feature","geometry":{"type":"Polygon","coordinates":[[[144.2794067,-36.7597151],[144.2793097,-36.759785],[144.2792968,-36.7597735],[144.2792386,-36.7598154],[144.279216,-36.7597953],[144.2790498,-36.7599152],[144.2790987,-36.7599585],[144.279323,-36.7597968],[144.2794199,-36.7597269],[144.2794067,-36.7597151]]]},"properties":{"sources":[{"property":"","dataset":"OpenStreetMap","license":"ODbL-1.0","record_id":"w838398574@5","update_time":"2025-11-12T01:24:41.000Z","confidence":null,"between":null,"provider":"osm","resource":"planet","version":"2026-08-02T00:00:00.000Z"}],"is_underground":false,"num_floors":1,"subtype":"commercial","class":"retail","has_parts":false,"version":3}},
{"id":"bb6cab55-aeba-45e0-8192-5b49075dbfb7","type":"Feature","geometry":{"type":"Polygon","coordinates":[[[144.279323,-36.7597968],[144.2790987,-36.7599585],[144.2791474,-36.7600015],[144.2794684,-36.75977],[144.2794199,-36.7597269],[144.279323,-36.7597968]]]},"properties":{"sources":[{"property":"","dataset":"OpenStreetMap","license":"ODbL-1.0","record_id":"w838398572@5","update_time":"2025-11-12T01:24:41.000Z","confidence":null,"between":null,"provider":"osm","resource":"planet","version":"2026-08-02T00:00:00.000Z"}],"is_underground":false,"num_floors":1,"subtype":"commercial","class":"retail","has_parts":false,"version":3}},
{"id":"0173468d-f106-43e7-87a7-1f8211c4ac60","type":"Feature","geometry":{"type":"Polygon","coordinates":[[[144.2791985,-36.7596283],[144.2791659,-36.7596518],[144.2792144,-36.7596949],[144.2792857,-36.7596434],[144.2792373,-36.7596003],[144.2791985,-36.7596283]]]},"properties":{"sources":[{"property":"","dataset":"OpenStreetMap","license":"ODbL-1.0","record_id":"w838398576@2","update_time":"2025-11-12T01:24:41.000Z","confidence":null,"between":null,"provider":"osm","resource":"planet","version":"2026-08-02T00:00:00.000Z"}],"is_underground":false,"subtype":"commercial","class":"retail","has_parts":false,"version":1}},
{"id":"a4317b33-347a-4250-9920-65432e85eb97","type":"Feature","geometry":{"type":"Polygon","coordinates":[[[144.2793693,-36.7596112],[144.2793034,-36.7595526],[144.2792373,-36.7596003],[144.2792857,-36.7596434],[144.2793031,-36.7596589],[144.2793693,-36.7596112]]]},"properties":{"sources":[{"property":"","dataset":"OpenStreetMap","license":"ODbL-1.0","record_id":"w838398582@2","update_time":"2025-11-12T01:24:41.000Z","confidence":null,"between":null,"provider":"osm","resource":"planet","version":"2026-08-02T00:00:00.000Z"}],"is_underground":false,"subtype":"commercial","class":"retail","has_parts":false,"version":1}},
{"id":"0f72e987-1be7-46a1-a1da-54fa8d88179a","type":"Feature","geometry":{"type":"Polygon","coordinates":[[[144.2793034,-36.7595526],[144.2791442,-36.7594109],[144.2790393,-36.7594866],[144.2791985,-36.7596283],[144.2792373,-36.7596003],[144.2793034,-36.7595526]]]},"properties":{"names":{"primary":"Sargun Indian Tandoori","common":null,"rules":null},"sources":[{"property":"","dataset":"OpenStreetMap","license":"ODbL-1.0","record_id":"w838398583@6","update_time":"2025-11-12T01:24:41.000Z","confidence":null,"between":null,"provider":"osm","resource":"planet","version":"2026-08-02T00:00:00.000Z"}],"is_underground":false,"subtype":"commercial","has_parts":false,"version":3}},
{"id":"8777fcfa-1dbb-491a-b103-2b924dd170b7","type":"Feature","geometry":{"type":"Polygon","coordinates":[[[144.2794684,-36.75977],[144.2791474,-36.7600015],[144.2791929,-36.7600417],[144.2794282,-36.7598719],[144.2795137,-36.7598103],[144.2794684,-36.75977]]]},"properties":{"sources":[{"property":"","dataset":"OpenStreetMap","license":"ODbL-1.0","record_id":"w838398571@5","update_time":"2025-11-12T01:24:41.000Z","confidence":null,"between":null,"provider":"osm","resource":"planet","version":"2026-08-02T00:00:00.000Z"}],"is_underground":false,"num_floors":1,"subtype":"commercial","class":"retail","has_parts":false,"version":3}},
{"id":"8fb3dd54-622f-4a02-8ce5-3984fb6945ca","type":"Feature","geometry":{"type":"Polygon","coordinates":[[[144.2794463,-36.7599289],[144.2792365,-36.7600802],[144.2793271,-36.7601604],[144.2795366,-36.7600093],[144.2794463,-36.7599289]]]},"properties":{"sources":[{"property":"","dataset":"OpenStreetMap","license":"ODbL-1.0","record_id":"w838398569@5","update_time":"2025-11-12T01:24:41.000Z","confidence":null,"between":null,"provider":"osm","resource":"planet","version":"2026-08-02T00:00:00.000Z"}],"is_underground":false,"num_floors":2,"subtype":"commercial","class":"retail","has_parts":false,"version":3}},
{"id":"c8c3a39b-9200-440e-b467-98f9f62c56d3","type":"Feature","geometry":{"type":"Polygon","coordinates":[[[144.2794282,-36.7598719],[144.2791929,-36.7600417],[144.2792365,-36.7600802],[144.2794463,-36.7599289],[144.2794717,-36.7599105],[144.2794282,-36.7598719]]]},"properties":{"sources":[{"property":"","dataset":"OpenStreetMap","license":"ODbL-1.0","record_id":"w838398570@5","update_time":"2025-11-12T01:24:41.000Z","confidence":null,"between":null,"provider":"osm","resource":"planet","version":"2026-08-02T00:00:00.000Z"}],"is_underground":false,"num_floors":3,"subtype":"commercial","class":"retail","has_parts":false,"version":3}},
{"id":"2035ca7a-6916-40a8-8728-f2396f657ce4","type":"Feature","geometry":{"type":"Polygon","coordinates":[[[144.2792051,-36.7605411],[144.2792463,-36.7605769],[144.2792887,-36.7605457],[144.2792881,-36.7605241],[144.2792449,-36.7604886],[144.2791904,-36.7605289],[144.2792051,-36.7605411]]]},"properties":{"sources":[{"property":"","dataset":"OpenStreetMap","license":"ODbL-1.0","record_id":"w1080859734@1","update_time":"2022-07-24T02:53:50.000Z","confidence":null,"between":null,"provider":"osm","resource":"planet","version":"2026-08-02T00:00:00.000Z"}],"is_underground":false,"has_parts":false,"version":1}},
{"id":"7e179e13-65ed-4405-a3c7-5f79b853ffed","type":"Feature","geometry":{"type":"Polygon","coordinates":[[[144.2791033,-36.7606163],[144.2791444,-36.7606518],[144.2792463,-36.7605769],[144.2792051,-36.7605411],[144.2791033,-36.7606163]]]},"properties":{"sources":[{"property":"","dataset":"OpenStreetMap","license":"ODbL-1.0","record_id":"w1080859737@1","update_time":"2022-07-24T02:53:50.000Z","confidence":null,"between":null,"provider":"osm","resource":"planet","version":"2026-08-02T00:00:00.000Z"}],"is_underground":false,"has_parts":false,"version":1}},
{"id":"c76e30e7-a9f6-428a-aa40-b0466cdbb1b8","type":"Feature","geometry":{"type":"Polygon","coordinates":[[[144.2794454,-36.7608998],[144.2795043,-36.7608548],[144.2795548,-36.7608993],[144.2796404,-36.7608371],[144.2795411,-36.7607536],[144.2795045,-36.760753],[144.2793817,-36.7608464],[144.2794454,-36.7608998]]]},"properties":{"sources":[{"property":"","dataset":"OpenStreetMap","license":"ODbL-1.0","record_id":"w1080859784@1","update_time":"2022-07-24T02:53:50.000Z","confidence":null,"between":null,"provider":"osm","resource":"planet","version":"2026-08-02T00:00:00.000Z"}],"is_underground":false,"has_parts":false,"version":1}},
{"id":"2732e2a2-9507-4a27-bc91-7468a3d0e343","type":"Feature","geometry":{"type":"Polygon","coordinates":[[[144.2796008,-36.7609399],[144.2796864,-36.7608777],[144.2796404,-36.7608371],[144.2795548,-36.7608993],[144.2796008,-36.7609399]]]},"properties":{"sources":[{"property":"","dataset":"OpenStreetMap","license":"ODbL-1.0","record_id":"w1080859785@1","update_time":"2022-07-24T02:53:50.000Z","confidence":null,"between":null,"provider":"osm","resource":"planet","version":"2026-08-02T00:00:00.000Z"}],"is_underground":false,"has_parts":false,"version":1}},
{"id":"f11b8da4-8b85-4817-b411-2ebb0d298618","type":"Feature","geometry":{"type":"Polygon","coordinates":[[[144.2796452,-36.7610049],[144.2797468,-36.7609311],[144.2796864,-36.7608777],[144.2796008,-36.7609399],[144.2795848,-36.7609516],[144.2796452,-36.7610049]]]},"properties":{"sources":[{"property":"","dataset":"OpenStreetMap","license":"ODbL-1.0","record_id":"w1080859786@1","update_time":"2022-07-24T02:53:50.000Z","confidence":null,"between":null,"provider":"osm","resource":"planet","version":"2026-08-02T00:00:00.000Z"}],"is_underground":false,"has_parts":false,"version":1}},
{"id":"63f061d1-61ed-444c-8627-c61f876f3f02","type":"Feature","geometry":{"type":"Polygon","coordinates":[[[144.2794463,-36.7599289],[144.2795366,-36.7600093],[144.2796196,-36.759949400000004],[144.2795292,-36.7598691],[144.2794717,-36.7599105],[144.2794463,-36.7599289]]]},"properties":{"sources":[{"property":"","dataset":"OpenStreetMap","license":"ODbL-1.0","record_id":"w838398568@4","update_time":"2025-11-12T01:24:41.000Z","confidence":null,"between":null,"provider":"osm","resource":"planet","version":"2026-08-02T00:00:00.000Z"}],"is_underground":false,"subtype":"commercial","class":"retail","has_parts":false,"version":3}},
{"id":"93fb2fec-c6d6-41af-b7b7-1b62a8201ba2","type":"Feature","geometry":{"type":"Polygon","coordinates":[[[144.2793711,-36.7601746],[144.2794654,-36.7602584],[144.2796463,-36.760128],[144.279814,-36.7600068],[144.2797198,-36.759923],[144.2793711,-36.7601746]]]},"properties":{"names":{"primary":"Morley Johnson Building","common":null,"rules":null},"sources":[{"property":"","dataset":"OpenStreetMap","license":"ODbL-1.0","record_id":"w838398588@7","update_time":"2025-11-12T01:24:41.000Z","confidence":null,"between":null,"provider":"osm","resource":"planet","version":"2026-08-02T00:00:00.000Z"}],"is_underground":false,"num_floors":3,"subtype":"commercial","class":"retail","roof_shape":"gabled","has_parts":false,"version":3}},
{"id":"05c74b95-1677-4e11-a54c-44615e0b5c68","type":"Feature","geometry":{"type":"Polygon","coordinates":[[[144.2794654,-36.7602584],[144.279585,-36.7603649],[144.2797659,-36.7602345],[144.2796463,-36.760128],[144.2794654,-36.7602584]]]},"properties":{"names":{"primary":"Sussan","common":null,"rules":null},"sources":[{"property":"","dataset":"OpenStreetMap","license":"ODbL-1.0","record_id":"w839167108@7","update_time":"2025-03-04T08:39:49.000Z","confidence":null,"between":null,"provider":"osm","resource":"planet","version":"2026-08-02T00:00:00.000Z"}],"is_underground":false,"subtype":"commercial","class":"retail","has_parts":false,"version":1}},
{"id":"2bf7fa61-4387-49a3-b217-4a01eb280baa","type":"Feature","geometry":{"type":"Polygon","coordinates":[[[144.2797177,-36.7603569],[144.279731,-36.7603474],[144.2797419,-36.7603533],[144.2797593,-36.7603543],[144.279775,-36.7603481],[144.2797848,-36.7603365],[144.279786,-36.7603226],[144.2797783,-36.76031],[144.2797585,-36.7602973],[144.2797411,-36.7602963],[144.2797254,-36.7603025],[144.2797156,-36.7603141],[144.2797144,-36.760328],[144.2797175,-36.7603322],[144.2797026,-36.7603422],[144.2796951,-36.7603398],[144.2796777,-36.7603388],[144.279662,-36.7603449],[144.2796522,-36.7603565],[144.279651,-36.7603705],[144.279664,-36.7603879],[144.2796785,-36.7603957],[144.2796959,-36.7603967],[144.2797116,-36.7603906],[144.2797214,-36.760379],[144.2797226,-36.760365],[144.2797177,-36.7603569]]]},"properties":{"sources":[{"property":"","dataset":"OpenStreetMap","license":"ODbL-1.0","record_id":"w839190742@1","update_time":"2020-08-21T03:08:21.000Z","confidence":null,"between":null,"provider":"osm","resource":"planet","version":"2026-08-02T00:00:00.000Z"}],"is_underground":false,"subtype":"civic","has_parts":false,"version":1}},
{"id":"8b593b9b-7836-4c68-ad13-9f86fcb09d9f","type":"Feature","geometry":{"type":"Polygon","coordinates":[[[144.279814,-36.7600068],[144.2796463,-36.760128],[144.2797659,-36.7602345],[144.2799337,-36.7601133],[144.279814,-36.7600068]]]},"properties":{"sources":[{"property":"","dataset":"OpenStreetMap","license":"ODbL-1.0","record_id":"w838424074@4","update_time":"2025-11-12T01:24:41.000Z","confidence":null,"between":null,"provider":"osm","resource":"planet","version":"2026-08-02T00:00:00.000Z"}],"is_underground":false,"subtype":"commercial","class":"retail","has_parts":false,"version":3}},
{"id":"ae61c9db-e239-4da5-a6bb-ce23ea3e73bc","type":"Feature","geometry":{"type":"Polygon","coordinates":[[[144.2796452,-36.7610049],[144.2796874,-36.7610422],[144.279789,-36.7609683],[144.2797468,-36.7609311],[144.2796452,-36.7610049]]]},"properties":{"sources":[{"property":"","dataset":"OpenStreetMap","license":"ODbL-1.0","record_id":"w1080859787@1","update_time":"2022-07-24T02:53:50.000Z","confidence":null,"between":null,"provider":"osm","resource":"planet","version":"2026-08-02T00:00:00.000Z"}],"is_underground":false,"has_parts":false,"version":1}},
{"id":"ab3ea546-c5bd-413b-a333-1b5d3123e246","type":"Feature","geometry":{"type":"Polygon","coordinates":[[[144.2801561,-36.760498],[144.2801905,-36.7604726],[144.2800338,-36.7603372],[144.2797714,-36.7605282],[144.2798495,-36.7605961],[144.2800762,-36.7604286],[144.2801561,-36.760498]]]},"properties":{"names":{"primary":"Colliers Shoes","common":null,"rules":null},"sources":[{"property":"","dataset":"OpenStreetMap","license":"ODbL-1.0","record_id":"w838389724@8","update_time":"2025-03-04T08:40:07.000Z","confidence":null,"between":null,"provider":"osm","resource":"planet","version":"2026-08-02T00:00:00.000Z"}],"is_underground":false,"num_floors":2,"subtype":"commercial","class":"retail","has_parts":false,"version":1}},
{"id":"dc605dee-a8f0-4cfb-813b-6a581ca1ed04","type":"Feature","geometry":{"type":"Polygon","coordinates":[[[144.2798495,-36.7605961],[144.2799293,-36.7606655],[144.2801561,-36.760498],[144.2800762,-36.7604286],[144.2798495,-36.7605961]]]},"properties":{"sources":[{"property":"","dataset":"OpenStreetMap","license":"ODbL-1.0","record_id":"w838389723@6","update_time":"2025-03-04T08:40:07.000Z","confidence":null,"between":null,"provider":"osm","resource":"planet","version":"2026-08-02T00:00:00.000Z"}],"is_underground":false,"subtype":"commercial","class":"retail","has_parts":false,"version":1}},
{"id":"8ae63284-dace-443f-9d12-d1ef1f47b4c4","type":"Feature","geometry":{"type":"Polygon","coordinates":[[[144.2801561,-36.760498],[144.2799293,-36.7606655],[144.2800108,-36.7607363],[144.2801737,-36.760616],[144.2802129,-36.760587],[144.2803138,-36.7605125],[144.2802311,-36.7604424],[144.2801905,-36.7604726],[144.2801561,-36.760498]]]},"properties":{"sources":[{"property":"","dataset":"OpenStreetMap","license":"ODbL-1.0","record_id":"w838389722@5","update_time":"2025-03-04T08:40:07.000Z","confidence":null,"between":null,"provider":"osm","resource":"planet","version":"2026-08-02T00:00:00.000Z"}],"is_underground":false,"num_floors":1,"subtype":"commercial","class":"retail","has_parts":false,"version":1}},
{"id":"83c566a9-5a81-45b5-a6db-10c0a0873220","type":"Feature","geometry":{"type":"Polygon","coordinates":[[[144.2801737,-36.760616],[144.2800108,-36.7607363],[144.2800834,-36.7607994],[144.2802463,-36.760679],[144.2801737,-36.760616]]]},"properties":{"sources":[{"property":"","dataset":"OpenStreetMap","license":"ODbL-1.0","record_id":"w838389720@11","update_time":"2025-10-21T20:50:48.000Z","confidence":null,"between":null,"provider":"osm","resource":"planet","version":"2026-08-02T00:00:00.000Z"}],"is_underground":false,"num_floors":2,"subtype":"commercial","class":"retail","has_parts":false,"version":2}},
{"id":"8ef76eba-b89b-4321-9217-13fbfc1955d2","type":"Feature","geometry":{"type":"Polygon","coordinates":[[[144.2802311,-36.7604424],[144.2800745,-36.760307],[144.2800338,-36.7603372],[144.2801905,-36.7604726],[144.2802311,-36.7604424]]]},"properties":{"names":{"primary":"Toppers Cafe","common":null,"rules":null},"sources":[{"property":"","dataset":"OpenStreetMap","license":"ODbL-1.0","record_id":"w838389725@6","update_time":"2025-03-04T08:40:07.000Z","confidence":null,"between":null,"provider":"osm","resource":"planet","version":"2026-08-02T00:00:00.000Z"}],"is_underground":false,"subtype":"commercial","class":"retail","has_parts":false,"version":1}},
{"id":"2916198a-3be1-4be6-bf7d-430d5edaf930","type":"Feature","geometry":{"type":"Polygon","coordinates":[[[144.2802694,-36.7604139],[144.2801128,-36.7602785],[144.2800745,-36.760307],[144.2802311,-36.7604424],[144.2802694,-36.7604139]]]},"properties":{"names":{"primary":"Black Pepper","common":null,"rules":null},"sources":[{"property":"","dataset":"OpenStreetMap","license":"ODbL-1.0","record_id":"w838389726@6","update_time":"2025-03-04T08:40:07.000Z","confidence":null,"between":null,"provider":"osm","resource":"planet","version":"2026-08-02T00:00:00.000Z"}],"is_underground":false,"subtype":"commercial","class":"retail","has_parts":false,"version":1}},
{"id":"d1315b97-6e98-4ea6-a898-02354b35c44a","type":"Feature","geometry":{"type":"Polygon","coordinates":[[[144.2801624,-36.7599998],[144.2801624,-36.7600234],[144.2801463,-36.760093],[144.2801607,-36.7600938],[144.2801725,-36.7600293],[144.2802013,-36.7600298],[144.2802013,-36.7599998],[144.2801624,-36.7599998]]]},"properties":{"sources":[{"property":"","dataset":"OpenStreetMap","license":"ODbL-1.0","record_id":"w839190740@1","update_time":"2020-08-21T03:08:21.000Z","confidence":null,"between":null,"provider":"osm","resource":"planet","version":"2026-08-02T00:00:00.000Z"}],"is_underground":false,"has_parts":false,"version":1}},
{"id":"7c038a15-008d-43d3-904b-ee22e11ff6e1","type":"Feature","geometry":{"type":"Polygon","coordinates":[[[144.2798829,-36.7598054],[144.279806,-36.7598609],[144.2800198,-36.7600511],[144.2800966,-36.7599955],[144.2798829,-36.7598054]]]},"properties":{"sources":[{"property":"","dataset":"OpenStreetMap","license":"ODbL-1.0","record_id":"w838398587@5","update_time":"2025-11-12T01:24:41.000Z","confidence":null,"between":null,"provider":"osm","resource":"planet","version":"2026-08-02T00:00:00.000Z"}],"is_underground":false,"num_floors":2,"subtype":"commercial","class":"retail","has_parts":false,"version":1}},
{"id":"f4824dc3-4a4f-43c9-ab2a-664c16d63e55","type":"Feature","geometry":{"type":"Polygon","coordinates":[[[144.2798953,-36.7594051],[144.2798345,-36.7594494],[144.2798417,-36.7594558],[144.2798536,-36.7594662],[144.2799099,-36.7594846],[144.2799513,-36.7594544],[144.2798953,-36.7594051]]]},"properties":{"sources":[{"property":"","dataset":"OpenStreetMap","license":"ODbL-1.0","record_id":"w838398565@4","update_time":"2025-03-04T08:39:49.000Z","confidence":null,"between":null,"provider":"osm","resource":"planet","version":"2026-08-02T00:00:00.000Z"}],"is_underground":false,"subtype":"commercial","class":"retail","has_parts":false,"version":1}},
{"id":"a66d7a54-e675-4f17-b47f-ad5c9d779375","type":"Feature","geometry":{"type":"Polygon","coordinates":[[[144.2800966,-36.7599955],[144.2801736,-36.7599399],[144.2798515,-36.7596568],[144.2798591,-36.7596512],[144.2798419,-36.7596364],[144.2797597,-36.7596957],[144.2798829,-36.7598054],[144.2800966,-36.7599955]]]},"properties":{"sources":[{"property":"","dataset":"OpenStreetMap","license":"ODbL-1.0","record_id":"w838398585@8","update_time":"2025-11-12T01:24:41.000Z","confidence":null,"between":null,"provider":"osm","resource":"planet","version":"2026-08-02T00:00:00.000Z"}],"is_underground":false,"subtype":"commercial","class":"retail","has_parts":false,"version":3}},
{"id":"846f0e11-558c-4a1a-a1e3-82f763c4bcbd","type":"Feature","geometry":{"type":"Polygon","coordinates":[[[144.2803178,-36.7591736],[144.2805081,-36.7590372],[144.2804687,-36.7590041],[144.2804103,-36.758954],[144.2802866,-36.7590547],[144.2799836,-36.7587896],[144.2799025,-36.7588489],[144.2796627,-36.759024],[144.2799983,-36.759319],[144.2800914,-36.759251],[144.2801542,-36.7593063],[144.2800333,-36.7593946],[144.2799513,-36.7594544],[144.2799099,-36.7594846],[144.2797789,-36.7595803],[144.2798419,-36.7596364],[144.2798591,-36.7596512],[144.2798515,-36.7596568],[144.2801736,-36.7599399],[144.2802939,-36.7598522],[144.2804362,-36.7597482],[144.2802254,-36.7595628],[144.2803062,-36.7595039],[144.2804001,-36.7594353],[144.2804421,-36.7594046],[144.2804816,-36.7593758],[144.2805189,-36.7593485],[144.2804444,-36.7592831],[144.2803178,-36.7591736]]]},"properties":{"names":{"primary":"Myer","common":null,"rules":null},"sources":[{"property":"","dataset":"OpenStreetMap","license":"ODbL-1.0","record_id":"w838398547@9","update_time":"2025-11-12T01:24:41.000Z","confidence":null,"between":null,"provider":"osm","resource":"planet","version":"2026-08-02T00:00:00.000Z"}],"is_underground":false,"subtype":"commercial","class":"retail","has_parts":false,"version":3}},
{"id":"b44c71cc-e2a6-4e70-b036-ceb38d98ad6f","type":"Feature","geometry":{"type":"Polygon","coordinates":[[[144.2796397,-36.759298],[144.2797185,-36.7593673],[144.2797916,-36.7593139],[144.2797129,-36.7592446],[144.2796397,-36.759298]]]},"properties":{"sources":[{"property":"","dataset":"OpenStreetMap","license":"ODbL-1.0","record_id":"w838398564@4","update_time":"2025-03-04T08:39:49.000Z","confidence":null,"between":null,"provider":"osm","resource":"planet","version":"2026-08-02T00:00:00.000Z"}],"is_underground":false,"subtype":"commercial","class":"retail","has_parts":false,"version":1}},
{"id":"cbcfba4f-0d9c-4230-87c8-4f564d0e38a2","type":"Feature","geometry":{"type":"Polygon","coordinates":[[[144.2798953,-36.7594051],[144.2797916,-36.7593139],[144.2797185,-36.7593673],[144.2798221,-36.7594585],[144.2798345,-36.7594494],[144.2798953,-36.7594051]]]},"properties":{"sources":[{"property":"","dataset":"OpenStreetMap","license":"ODbL-1.0","record_id":"w838398566@4","update_time":"2025-03-04T08:39:49.000Z","confidence":null,"between":null,"provider":"osm","resource":"planet","version":"2026-08-02T00:00:00.000Z"}],"is_underground":false,"subtype":"commercial","class":"retail","has_parts":false,"version":1}},
{"id":"e0618366-2f8c-4107-baa1-d953a045f607","type":"Feature","geometry":{"type":"Polygon","coordinates":[[[144.2799513,-36.7594544],[144.2800333,-36.7593946],[144.2796314,-36.7590411],[144.2795495,-36.7591009],[144.2796407,-36.7591811],[144.2797129,-36.7592446],[144.2797916,-36.7593139],[144.2798953,-36.7594051],[144.2799513,-36.7594544]]]},"properties":{"names":{"primary":"Schnitz","common":null,"rules":null},"sources":[{"property":"","dataset":"OpenStreetMap","license":"ODbL-1.0","record_id":"w838398567@6","update_time":"2025-03-04T08:39:49.000Z","confidence":null,"between":null,"provider":"osm","resource":"planet","version":"2026-08-02T00:00:00.000Z"}],"is_underground":false,"subtype":"commercial","has_parts":false,"version":1}},
{"id":"be3ecaaf-5bac-41ef-af69-49b685cc8637","type":"Feature","geometry":{"type":"Polygon","coordinates":[[[144.2798343,-36.7594607],[144.2798295,-36.7594835],[144.2798092,-36.7594984],[144.2796919,-36.7593936],[144.279624,-36.7594425],[144.2797789,-36.7595803],[144.2799099,-36.7594846],[144.2798536,-36.7594662],[144.2798417,-36.7594558],[144.2798343,-36.7594607]]]},"properties":{"sources":[{"property":"","dataset":"OpenStreetMap","license":"ODbL-1.0","record_id":"w838398559@4","update_time":"2025-11-12T01:24:41.000Z","confidence":null,"between":null,"provider":"osm","resource":"planet","version":"2026-08-02T00:00:00.000Z"}],"is_underground":false,"subtype":"commercial","class":"retail","has_parts":false,"version":3}},
{"id":"8d009cd0-2c20-41cd-a6cb-f629a8b7a242","type":"Feature","geometry":{"type":"Polygon","coordinates":[[[144.279814,-36.7600068],[144.2799337,-36.7601133],[144.2800198,-36.7600511],[144.279806,-36.7598609],[144.2798829,-36.7598054],[144.2797597,-36.7596957],[144.2797489,-36.7597035],[144.2792965,-36.759301],[144.2791442,-36.7594109],[144.2793034,-36.7595526],[144.2793693,-36.7596112],[144.2797198,-36.759923],[144.279814,-36.7600068]]]},"properties":{"names":{"primary":"Beehive Plaza","common":null,"rules":null},"sources":[{"property":"","dataset":"OpenStreetMap","license":"ODbL-1.0","record_id":"w838398586@4","update_time":"2025-11-12T01:24:41.000Z","confidence":null,"between":null,"provider":"osm","resource":"planet","version":"2026-08-02T00:00:00.000Z"}],"is_underground":false,"subtype":"commercial","class":"retail","has_parts":false,"version":3}},
{"id":"e0f1ed7a-64e9-42a0-b912-0c99e45a8397","type":"Feature","geometry":{"type":"Polygon","coordinates":[[[144.2795662,-36.7593911],[144.2793895,-36.7592339],[144.2792965,-36.759301],[144.2797489,-36.7597035],[144.2797597,-36.7596957],[144.2798419,-36.7596364],[144.2797789,-36.7595803],[144.279624,-36.7594425],[144.2795662,-36.7593911]]]},"properties":{"sources":[{"property":"","dataset":"OpenStreetMap","license":"ODbL-1.0","record_id":"w838398584@4","update_time":"2025-11-12T01:24:41.000Z","confidence":null,"between":null,"provider":"osm","resource":"planet","version":"2026-08-02T00:00:00.000Z"}],"is_underground":false,"subtype":"commercial","class":"retail","has_parts":false,"version":3}},
{"id":"fd896be2-d419-48b9-b70e-5757823713f5","type":"Feature","geometry":{"type":"Polygon","coordinates":[[[144.2794573,-36.759185],[144.2793895,-36.7592339],[144.2795662,-36.7593911],[144.279634,-36.7593422],[144.2794573,-36.759185]]]},"properties":{"sources":[{"property":"","dataset":"OpenStreetMap","license":"ODbL-1.0","record_id":"w838398561@4","update_time":"2025-11-12T01:24:41.000Z","confidence":null,"between":null,"provider":"osm","resource":"planet","version":"2026-08-02T00:00:00.000Z"}],"is_underground":false,"subtype":"commercial","class":"retail","has_parts":false,"version":3}},
{"id":"7823b028-4204-4bd0-963b-c21a6f96ae08","type":"Feature","geometry":{"type":"Polygon","coordinates":[[[144.2794763,-36.7591543],[144.2795675,-36.7592345],[144.2796407,-36.7591811],[144.2795495,-36.7591009],[144.2794763,-36.7591543]]]},"properties":{"names":{"primary":"Bunja Thai Restaurant","common":null,"rules":null},"sources":[{"property":"","dataset":"OpenStreetMap","license":"ODbL-1.0","record_id":"w838398562@5","update_time":"2025-03-04T08:39:49.000Z","confidence":null,"between":null,"provider":"osm","resource":"planet","version":"2026-08-02T00:00:00.000Z"}],"is_underground":false,"subtype":"commercial","has_parts":false,"version":1}},
{"id":"8c3e0cfc-98de-4e76-852c-cdfe2b8884ff","type":"Feature","geometry":{"type":"Polygon","coordinates":[[[144.279634,-36.7593422],[144.2795662,-36.7593911],[144.279624,-36.7594425],[144.2796919,-36.7593936],[144.279634,-36.7593422]]]},"properties":{"names":{"primary":"Sangria Spanish Tapas Bar","common":null,"rules":null},"sources":[{"property":"","dataset":"OpenStreetMap","license":"ODbL-1.0","record_id":"w838398560@6","update_time":"2025-11-12T01:24:41.000Z","confidence":null,"between":null,"provider":"osm","resource":"planet","version":"2026-08-02T00:00:00.000Z"}],"is_underground":false,"subtype":"commercial","has_parts":false,"version":3}},
{"id":"40260ad8-2197-47cf-88aa-cf392458cd51","type":"Feature","geometry":{"type":"Polygon","coordinates":[[[144.2795675,-36.7592345],[144.2796397,-36.759298],[144.2797129,-36.7592446],[144.2796407,-36.7591811],[144.2795675,-36.7592345]]]},"properties":{"sources":[{"property":"","dataset":"OpenStreetMap","license":"ODbL-1.0","record_id":"w838398563@4","update_time":"2025-03-04T08:39:49.000Z","confidence":null,"between":null,"provider":"osm","resource":"planet","version":"2026-08-02T00:00:00.000Z"}],"is_underground":false,"subtype":"commercial","class":"retail","has_parts":false,"version":1}},
{"id":"fa20e2e7-4e52-443a-bd82-1f46301af5cc","type":"Feature","geometry":{"type":"Polygon","coordinates":[[[144.2801943,-36.7589463],[144.2803106,-36.7588618],[144.2803195,-36.758856],[144.2801248,-36.7586858],[144.2800017,-36.7587762],[144.2801943,-36.7589463]]]},"properties":{"names":{"primary":"Vicsuper","common":null,"rules":null},"sources":[{"property":"","dataset":"OpenStreetMap","license":"ODbL-1.0","record_id":"w838398551@8","update_time":"2025-03-04T08:39:41.000Z","confidence":null,"between":null,"provider":"osm","resource":"planet","version":"2026-08-02T00:00:00.000Z"}],"is_underground":false,"num_floors":2,"subtype":"commercial","class":"office","has_parts":false,"version":1}},
{"id":"3204f44f-5f8f-449c-b858-5a8aa38b11b3","type":"Feature","geometry":{"type":"Polygon","coordinates":[[[144.2806539,-36.7583006],[144.2803717,-36.7585076],[144.280766,-36.7588526],[144.280927,-36.7587345],[144.2810332,-36.7586566],[144.2810482,-36.7586456],[144.2806539,-36.7583006]]]},"properties":{"names":{"primary":"Shamrock Hotel","common":null,"rules":null},"sources":[{"property":"","dataset":"OpenStreetMap","license":"ODbL-1.0","record_id":"w179573922@16","update_time":"2026-07-16T04:13:40.000Z","confidence":null,"between":null,"provider":"osm","resource":"planet","version":"2026-08-02T00:00:00.000Z"}],"is_underground":false,"num_floors":4,"subtype":"commercial","class":"commercial","has_parts":false,"version":4}},
{"id":"b252e71a-7626-4253-b321-20741cdd1143","type":"Feature","geometry":{"type":"Polygon","coordinates":[[[144.2810093,-36.7588065],[144.280927,-36.7587345],[144.280766,-36.7588526],[144.2808484,-36.7589246],[144.2810093,-36.7588065]]]},"properties":{"names":{"primary":"Château de Glass","common":null,"rules":null},"sources":[{"property":"","dataset":"OpenStreetMap","license":"ODbL-1.0","record_id":"w836396733@8","update_time":"2025-11-14T12:08:06.000Z","confidence":null,"between":null,"provider":"osm","resource":"planet","version":"2026-08-02T00:00:00.000Z"}],"is_underground":false,"num_floors":1,"subtype":"commercial","class":"retail","has_parts":false,"version":3}},
{"id":"f03c57db-711e-4fcb-a56b-ec561037c943","type":"Feature","geometry":{"type":"Polygon","coordinates":[[[144.2806539,-36.7583006],[144.2810482,-36.7586456],[144.2812027,-36.7585323],[144.2808084,-36.7581872],[144.2806539,-36.7583006]]]},"properties":{"names":{"primary":"TAB","common":null,"rules":null},"sources":[{"property":"","dataset":"OpenStreetMap","license":"ODbL-1.0","record_id":"w836396730@3","update_time":"2025-11-14T12:08:06.000Z","confidence":null,"between":null,"provider":"osm","resource":"planet","version":"2026-08-02T00:00:00.000Z"}],"is_underground":false,"has_parts":false,"version":3}},
{"id":"2a84de3f-f9b9-4559-a8ac-114b5a3281ef","type":"Feature","geometry":{"type":"Polygon","coordinates":[[[144.2810879,-36.7588752],[144.2810093,-36.7588065],[144.2808484,-36.7589246],[144.2809325,-36.7589982],[144.2810935,-36.7588801],[144.2810879,-36.7588752]]]},"properties":{"names":{"primary":"Evans Shoes Outlet Bendigo","common":null,"rules":null},"sources":[{"property":"","dataset":"OpenStreetMap","license":"ODbL-1.0","record_id":"w836396731@6","update_time":"2025-11-12T01:11:28.000Z","confidence":null,"between":null,"provider":"osm","resource":"planet","version":"2026-08-02T00:00:00.000Z"}],"is_underground":false,"subtype":"commercial","class":"retail","has_parts":false,"version":3}},
{"id":"b74cb40b-ba52-43db-8463-3c1391058633","type":"Feature","geometry":{"type":"Polygon","coordinates":[[[144.2807947,-36.7592398],[144.2807683,-36.7592595],[144.2808082,-36.7592939],[144.2808346,-36.7592742],[144.2807947,-36.7592398]]]},"properties":{"sources":[{"property":"","dataset":"OpenStreetMap","license":"ODbL-1.0","record_id":"w1289247490@1","update_time":"2024-06-04T04:19:55.000Z","confidence":null,"between":null,"provider":"osm","resource":"planet","version":"2026-08-02T00:00:00.000Z"}],"level":1,"is_underground":false,"subtype":"outbuilding","class":"roof","has_parts":false,"version":1}},
{"id":"9b53bff2-fef1-485b-99fb-daa4e9d5b86e","type":"Feature","geometry":{"type":"Polygon","coordinates":[[[144.2807642,-36.759327],[144.2807224,-36.7593582],[144.2808328,-36.7594528],[144.2808745,-36.7594216],[144.2807642,-36.759327]]]},"properties":{"sources":[{"property":"","dataset":"OpenStreetMap","license":"ODbL-1.0","record_id":"w838398539@4","update_time":"2025-03-04T08:39:49.000Z","confidence":null,"between":null,"provider":"osm","resource":"planet","version":"2026-08-02T00:00:00.000Z"}],"is_underground":false,"subtype":"commercial","class":"retail","has_parts":false,"version":1}},
{"id":"fc554bf8-7438-4acd-b00e-1b11e71ce36f","type":"Feature","geometry":{"type":"Polygon","coordinates":[[[144.2808745,-36.7594216],[144.2809181,-36.7593886],[144.2808082,-36.7592939],[144.2807642,-36.759327],[144.2808745,-36.7594216]]]},"properties":{"names":{"primary":"Bendigo Original Pie Shop","common":null,"rules":null},"sources":[{"property":"","dataset":"OpenStreetMap","license":"ODbL-1.0","record_id":"w1289247489@2","update_time":"2025-03-04T08:39:49.000Z","confidence":null,"between":null,"provider":"osm","resource":"planet","version":"2026-08-02T00:00:00.000Z"}],"is_underground":false,"subtype":"commercial","class":"retail","has_parts":false,"version":1}},
{"id":"711cd1b8-ce51-43df-9cf3-51e371b00f67","type":"Feature","geometry":{"type":"Polygon","coordinates":[[[144.2808346,-36.7592742],[144.2808082,-36.7592939],[144.2809181,-36.7593886],[144.2809445,-36.759369],[144.2808346,-36.7592742]]]},"properties":{"sources":[{"property":"","dataset":"OpenStreetMap","license":"ODbL-1.0","record_id":"w838398540@6","update_time":"2024-06-04T04:19:55.000Z","confidence":null,"between":null,"provider":"osm","resource":"planet","version":"2026-08-02T00:00:00.000Z"}],"level":1,"is_underground":false,"subtype":"outbuilding","class":"roof","has_parts":false,"version":1}},
{"id":"48a70097-128d-4c0c-9452-67cd4b254db2","type":"Feature","geometry":{"type":"Polygon","coordinates":[[[144.2808719,-36.7597159],[144.2808079,-36.7597629],[144.2810204,-36.7599486],[144.2810844,-36.7599017],[144.2808719,-36.7597159]]]},"properties":{"sources":[{"property":"","dataset":"OpenStreetMap","license":"ODbL-1.0","record_id":"w838389704@5","update_time":"2025-03-04T08:39:49.000Z","confidence":null,"between":null,"provider":"osm","resource":"planet","version":"2026-08-02T00:00:00.000Z"}],"is_underground":false,"num_floors":2,"subtype":"commercial","class":"retail","has_parts":false,"version":1}},
{"id":"8dda6dca-577c-4852-8212-97e203820fd9","type":"Feature","geometry":{"type":"Polygon","coordinates":[[[144.2808079,-36.7597629],[144.2807512,-36.7598045],[144.2809877,-36.7600113],[144.2810444,-36.7599697],[144.2810204,-36.7599486],[144.2808079,-36.7597629]]]},"properties":{"sources":[{"property":"","dataset":"OpenStreetMap","license":"ODbL-1.0","record_id":"w838389706@5","update_time":"2025-03-04T08:39:49.000Z","confidence":null,"between":null,"provider":"osm","resource":"planet","version":"2026-08-02T00:00:00.000Z"}],"is_underground":false,"num_floors":2,"subtype":"commercial","class":"retail","has_parts":false,"version":1}},
{"id":"922d9dcc-8e09-45b7-b811-77c25e84526c","type":"Feature","geometry":{"type":"Polygon","coordinates":[[[144.2807163,-36.7594072],[144.2806871,-36.7594285],[144.28077,-36.7595003],[144.280799,-36.7594785],[144.2807163,-36.7594072]]]},"properties":{"sources":[{"property":"","dataset":"OpenStreetMap","license":"ODbL-1.0","record_id":"w838398532@5","update_time":"2025-03-04T08:39:49.000Z","confidence":null,"between":null,"provider":"osm","resource":"planet","version":"2026-08-02T00:00:00.000Z"}],"is_underground":false,"num_floors":2,"subtype":"commercial","class":"retail","has_parts":false,"version":1}},
{"id":"91cce32a-90ae-43ec-a694-517df6929022","type":"Feature","geometry":{"type":"Polygon","coordinates":[[[144.2806821,-36.7593235],[144.2806474,-36.7593482],[144.2807163,-36.7594072],[144.280799,-36.7594785],[144.2808328,-36.7594528],[144.2807224,-36.7593582],[144.2806821,-36.7593235]]]},"properties":{"sources":[{"property":"","dataset":"OpenStreetMap","license":"ODbL-1.0","record_id":"w838398538@5","update_time":"2025-03-04T08:39:49.000Z","confidence":null,"between":null,"provider":"osm","resource":"planet","version":"2026-08-02T00:00:00.000Z"}],"is_underground":false,"num_floors":2,"subtype":"commercial","class":"retail","has_parts":false,"version":1}},
{"id":"18374b04-7859-4f8d-bdad-c5413bf13edc","type":"Feature","geometry":{"type":"Polygon","coordinates":[[[144.2806455,-36.7594593],[144.2807285,-36.7595319],[144.28077,-36.7595003],[144.2806871,-36.7594285],[144.2806455,-36.7594593]]]},"properties":{"sources":[{"property":"","dataset":"OpenStreetMap","license":"ODbL-1.0","record_id":"w838398534@5","update_time":"2025-03-04T08:39:49.000Z","confidence":null,"between":null,"provider":"osm","resource":"planet","version":"2026-08-02T00:00:00.000Z"}],"is_underground":false,"num_floors":2,"subtype":"commercial","class":"retail","has_parts":false,"version":1}},
{"id":"19e32431-9b28-4752-b75b-2f769401d49a","type":"Feature","geometry":{"type":"Polygon","coordinates":[[[144.2805189,-36.7593485],[144.2806455,-36.7594593],[144.2806871,-36.7594285],[144.2807163,-36.7594072],[144.2806474,-36.7593482],[144.2806192,-36.7593234],[144.2805891,-36.7592971],[144.2805189,-36.7593485]]]},"properties":{"sources":[{"property":"","dataset":"OpenStreetMap","license":"ODbL-1.0","record_id":"w838398533@4","update_time":"2025-03-04T08:39:49.000Z","confidence":null,"between":null,"provider":"osm","resource":"planet","version":"2026-08-02T00:00:00.000Z"}],"is_underground":false,"subtype":"commercial","class":"retail","has_parts":false,"version":1}},
{"id":"bdad31c4-eb5f-4b6c-a85b-692bb7bf7b41","type":"Feature","geometry":{"type":"Polygon","coordinates":[[[144.2806617,-36.7591251],[144.2806349,-36.759145],[144.2807099,-36.7592095],[144.2807366,-36.7591895],[144.2806617,-36.7591251]]]},"properties":{"sources":[{"property":"","dataset":"OpenStreetMap","license":"ODbL-1.0","record_id":"w1289247492@1","update_time":"2024-06-04T04:19:55.000Z","confidence":null,"between":null,"provider":"osm","resource":"planet","version":"2026-08-02T00:00:00.000Z"}],"level":1,"is_underground":false,"subtype":"outbuilding","class":"roof","has_parts":false,"version":1}},
{"id":"6b02572a-3493-4501-a05d-1f66b5f0efa1","type":"Feature","geometry":{"type":"Polygon","coordinates":[[[144.2806821,-36.7593235],[144.2807683,-36.7592595],[144.2807099,-36.7592095],[144.2805891,-36.7592971],[144.2806192,-36.7593234],[144.2806474,-36.7593482],[144.2806821,-36.7593235]]]},"properties":{"sources":[{"property":"","dataset":"OpenStreetMap","license":"ODbL-1.0","record_id":"w838398542@5","update_time":"2025-03-04T08:39:49.000Z","confidence":null,"between":null,"provider":"osm","resource":"planet","version":"2026-08-02T00:00:00.000Z"}],"is_underground":false,"subtype":"commercial","class":"retail","has_parts":false,"version":1}},
{"id":"4b9133c9-8ddd-40f0-a80e-18a439a8881d","type":"Feature","geometry":{"type":"Polygon","coordinates":[[[144.2807642,-36.759327],[144.2808082,-36.7592939],[144.2807683,-36.7592595],[144.2806821,-36.7593235],[144.2807224,-36.7593582],[144.2807642,-36.759327]]]},"properties":{"names":{"primary":"Adam and eve","common":null,"rules":null},"sources":[{"property":"","dataset":"OpenStreetMap","license":"ODbL-1.0","record_id":"w838398541@6","update_time":"2025-03-04T08:39:49.000Z","confidence":null,"between":null,"provider":"osm","resource":"planet","version":"2026-08-02T00:00:00.000Z"}],"is_underground":false,"has_parts":false,"version":1}},
{"id":"85a86229-fb8f-4151-ae7a-e5b95fd18e46","type":"Feature","geometry":{"type":"Polygon","coordinates":[[[144.2807366,-36.7591895],[144.2807099,-36.7592095],[144.2807683,-36.7592595],[144.2807947,-36.7592398],[144.2807366,-36.7591895]]]},"properties":{"sources":[{"property":"","dataset":"OpenStreetMap","license":"ODbL-1.0","record_id":"w1289247491@1","update_time":"2024-06-04T04:19:55.000Z","confidence":null,"between":null,"provider":"osm","resource":"planet","version":"2026-08-02T00:00:00.000Z"}],"level":1,"is_underground":false,"subtype":"outbuilding","class":"roof","has_parts":false,"version":1}},
{"id":"218b7184-457c-405e-9cb0-de4c1f859821","type":"Feature","geometry":{"type":"Polygon","coordinates":[[[144.2806048,-36.759076],[144.2805778,-36.7590963],[144.2806349,-36.759145],[144.2806617,-36.7591251],[144.2806048,-36.759076]]]},"properties":{"sources":[{"property":"","dataset":"OpenStreetMap","license":"ODbL-1.0","record_id":"w838398545@4","update_time":"2024-06-04T04:19:55.000Z","confidence":null,"between":null,"provider":"osm","resource":"planet","version":"2026-08-02T00:00:00.000Z"}],"level":1,"is_underground":false,"subtype":"outbuilding","class":"roof","has_parts":false,"version":1}},
{"id":"1a5df21b-eec2-497c-90dc-f19693405b54","type":"Feature","geometry":{"type":"Polygon","coordinates":[[[144.2805362,-36.759017],[144.2805081,-36.7590372],[144.2805778,-36.7590963],[144.2806048,-36.759076],[144.2805362,-36.759017]]]},"properties":{"sources":[{"property":"","dataset":"OpenStreetMap","license":"ODbL-1.0","record_id":"w1289247494@1","update_time":"2025-11-12T01:11:28.000Z","confidence":null,"between":null,"provider":"osm","resource":"planet","version":"2026-08-02T00:00:00.000Z"}],"level":1,"is_underground":false,"subtype":"outbuilding","class":"roof","has_parts":false,"version":3}},
{"id":"c6d86872-e0e8-44b3-9e89-99298b4bd36a","type":"Feature","geometry":{"type":"Polygon","coordinates":[[[144.2805891,-36.7592971],[144.2807099,-36.7592095],[144.2806349,-36.759145],[144.2804994,-36.7592428],[144.2804444,-36.7592831],[144.2805189,-36.7593485],[144.2805891,-36.7592971]]]},"properties":{"names":{"primary":"Bendigo Netschool","common":null,"rules":null},"sources":[{"property":"","dataset":"OpenStreetMap","license":"ODbL-1.0","record_id":"w838398544@7","update_time":"2025-03-04T08:39:49.000Z","confidence":null,"between":null,"provider":"osm","resource":"planet","version":"2026-08-02T00:00:00.000Z"}],"is_underground":false,"num_floors":2,"subtype":"commercial","class":"retail","has_parts":false,"version":1}},
{"id":"51aa69a2-c716-42a6-8584-5f300f3525ff","type":"Feature","geometry":{"type":"Polygon","coordinates":[[[144.2804994,-36.7592428],[144.2806349,-36.759145],[144.2805778,-36.7590963],[144.2804426,-36.759193],[144.2804994,-36.7592428]]]},"properties":{"sources":[{"property":"","dataset":"OpenStreetMap","license":"ODbL-1.0","record_id":"w1289247493@2","update_time":"2025-03-04T08:39:49.000Z","confidence":null,"between":null,"provider":"osm","resource":"planet","version":"2026-08-02T00:00:00.000Z"}],"is_underground":false,"subtype":"commercial","class":"retail","has_parts":false,"version":1}},
{"id":"57776a4f-06c9-4886-8ca6-4782ce52b0a8","type":"Feature","geometry":{"type":"Polygon","coordinates":[[[144.2804426,-36.759193],[144.2805778,-36.7590963],[144.2805081,-36.7590372],[144.2803178,-36.7591736],[144.2804444,-36.7592831],[144.2804994,-36.7592428],[144.2804426,-36.759193]]]},"properties":{"names":{"primary":"shop 12 boutique","common":null,"rules":null},"sources":[{"property":"","dataset":"OpenStreetMap","license":"ODbL-1.0","record_id":"w838398546@9","update_time":"2025-11-12T01:11:28.000Z","confidence":null,"between":null,"provider":"osm","resource":"planet","version":"2026-08-02T00:00:00.000Z"}],"is_underground":false,"subtype":"commercial","class":"retail","has_parts":false,"version":3}},
{"id":"011555d5-d654-4218-aead-f18534af4a05","type":"Feature","geometry":{"type":"Polygon","coordinates":[[[144.2804387,-36.7589328],[144.2804103,-36.758954],[144.2804687,-36.7590041],[144.2805081,-36.7590372],[144.2805362,-36.759017],[144.2804387,-36.7589328]]]},"properties":{"sources":[{"property":"","dataset":"OpenStreetMap","license":"ODbL-1.0","record_id":"w1289247495@1","update_time":"2025-11-12T01:11:28.000Z","confidence":null,"between":null,"provider":"osm","resource":"planet","version":"2026-08-02T00:00:00.000Z"}],"level":1,"is_underground":false,"subtype":"outbuilding","class":"roof","has_parts":false,"version":3}},
{"id":"34d57e88-a23d-4622-b70f-d1ba523f12c7","type":"Feature","geometry":{"type":"Polygon","coordinates":[[[144.2803394,-36.7588409],[144.2803106,-36.7588618],[144.280406,-36.7589461],[144.2804348,-36.7589253],[144.2803394,-36.7588409]]]},"properties":{"sources":[{"property":"","dataset":"OpenStreetMap","license":"ODbL-1.0","record_id":"w1289247488@1","update_time":"2024-06-04T04:19:55.000Z","confidence":null,"between":null,"provider":"osm","resource":"planet","version":"2026-08-02T00:00:00.000Z"}],"level":1,"is_underground":false,"subtype":"outbuilding","class":"roof","has_parts":false,"version":1}},
{"id":"7d23e658-2151-46f1-8e53-25aa12e01895","type":"Feature","geometry":{"type":"Polygon","coordinates":[[[144.2802891,-36.7590304],[144.280406,-36.7589461],[144.2803106,-36.7588618],[144.2801943,-36.7589463],[144.2802891,-36.7590304]]]},"properties":{"names":{"primary":"Subway","common":null,"rules":null},"sources":[{"property":"","dataset":"OpenStreetMap","license":"ODbL-1.0","record_id":"w838398550@6","update_time":"2025-03-04T08:39:41.000Z","confidence":null,"between":null,"provider":"osm","resource":"planet","version":"2026-08-02T00:00:00.000Z"},{"property":"/properties/height","dataset":"Microsoft ML Buildings","license":"ODbL-1.0","record_id":null,"update_time":"2000-01-01T00:00:00.000Z","confidence":null,"between":null,"provider":"microsoft","resource":"ml_buildings","version":"2025-02-25"}],"height":6.347416400909424,"is_underground":false,"subtype":"commercial","has_parts":false,"version":2}},
{"id":"d890ef1b-c118-4ede-adfb-372393b1b627","type":"Feature","geometry":{"type":"Polygon","coordinates":[[[144.280336,-36.7595931],[144.280478,-36.7597176],[144.2805172,-36.7596887],[144.2803753,-36.7595644],[144.280336,-36.7595931]]]},"properties":{"names":{"primary":"iobento","common":null,"rules":null},"sources":[{"property":"","dataset":"OpenStreetMap","license":"ODbL-1.0","record_id":"w838398557@5","update_time":"2025-03-04T08:39:49.000Z","confidence":null,"between":null,"provider":"osm","resource":"planet","version":"2026-08-02T00:00:00.000Z"}],"is_underground":false,"subtype":"commercial","has_parts":false,"version":1}},
{"id":"e5cd4a10-513f-4d3a-b91a-d00f6ee1deb9","type":"Feature","geometry":{"type":"Polygon","coordinates":[[[144.280478,-36.7597176],[144.280336,-36.7595931],[144.2803753,-36.7595644],[144.2803062,-36.7595039],[144.2802254,-36.7595628],[144.2804362,-36.7597482],[144.280478,-36.7597176]]]},"properties":{"names":{"primary":"Cotton On Kids","common":null,"rules":null},"sources":[{"property":"","dataset":"OpenStreetMap","license":"ODbL-1.0","record_id":"w838398558@8","update_time":"2026-05-06T04:53:51.000Z","confidence":null,"between":null,"provider":"osm","resource":"planet","version":"2026-08-02T00:00:00.000Z"}],"is_underground":false,"subtype":"commercial","class":"retail","has_parts":false,"version":1}},
{"id":"1341611b-74b7-46f8-a17e-f15232bb6588","type":"Feature","geometry":{"type":"Polygon","coordinates":[[[144.2804881,-36.7598125],[144.2804881,-36.7598362],[144.2803942,-36.7598429],[144.2803939,-36.7598507],[144.2804881,-36.7598426],[144.280527,-36.7598426],[144.280527,-36.7598125],[144.2804881,-36.7598125]]]},"properties":{"sources":[{"property":"","dataset":"OpenStreetMap","license":"ODbL-1.0","record_id":"w839190741@1","update_time":"2020-08-21T03:08:21.000Z","confidence":null,"between":null,"provider":"osm","resource":"planet","version":"2026-08-02T00:00:00.000Z"}],"is_underground":false,"has_parts":false,"version":1}},
{"id":"03e75cec-3bb9-4ab5-965a-474c10f0cf2a","type":"Feature","geometry":{"type":"Polygon","coordinates":[[[144.2804001,-36.7594353],[144.2803062,-36.7595039],[144.2803753,-36.7595644],[144.2805172,-36.7596887],[144.280611,-36.75962],[144.2804001,-36.7594353]]]},"properties":{"sources":[{"property":"","dataset":"OpenStreetMap","license":"ODbL-1.0","record_id":"w838398556@4","update_time":"2025-03-04T08:39:49.000Z","confidence":null,"between":null,"provider":"osm","resource":"planet","version":"2026-08-02T00:00:00.000Z"}],"is_underground":false,"subtype":"commercial","class":"retail","has_parts":false,"version":1}},
{"id":"b91943db-77ab-4b73-980c-040d052bd783","type":"Feature","geometry":{"type":"Polygon","coordinates":[[[144.2804421,-36.7594046],[144.2804001,-36.7594353],[144.280611,-36.75962],[144.2806528,-36.7595891],[144.2804421,-36.7594046]]]},"properties":{"sources":[{"property":"","dataset":"OpenStreetMap","license":"ODbL-1.0","record_id":"w838398537@4","update_time":"2025-03-04T08:39:49.000Z","confidence":null,"between":null,"provider":"osm","resource":"planet","version":"2026-08-02T00:00:00.000Z"}],"is_underground":false,"subtype":"commercial","class":"retail","has_parts":false,"version":1}},
{"id":"45e9be6b-8488-437f-be66-e9f3a736dee2","type":"Feature","geometry":{"type":"Polygon","coordinates":[[[144.2804816,-36.7593758],[144.2804421,-36.7594046],[144.2806528,-36.7595891],[144.2806922,-36.7595597],[144.2804816,-36.7593758]]]},"properties":{"names":{"primary":"JM Leech Jewellers","common":null,"rules":null},"sources":[{"property":"","dataset":"OpenStreetMap","license":"ODbL-1.0","record_id":"w838398536@7","update_time":"2025-03-04T08:39:49.000Z","confidence":null,"between":null,"provider":"osm","resource":"planet","version":"2026-08-02T00:00:00.000Z"}],"is_underground":false,"subtype":"commercial","class":"retail","has_parts":false,"version":1}},
{"id":"e9af3197-e429-43ce-909c-4c7695d34395","type":"Feature","geometry":{"type":"Polygon","coordinates":[[[144.2805189,-36.7593485],[144.2804816,-36.7593758],[144.2806922,-36.7595597],[144.2807285,-36.7595319],[144.2806455,-36.7594593],[144.2805189,-36.7593485]]]},"properties":{"sources":[{"property":"","dataset":"OpenStreetMap","license":"ODbL-1.0","record_id":"w838398535@4","update_time":"2025-03-04T08:39:49.000Z","confidence":null,"between":null,"provider":"osm","resource":"planet","version":"2026-08-02T00:00:00.000Z"}],"is_underground":false,"subtype":"commercial","class":"retail","has_parts":false,"version":1}},
{"id":"4f98d444-a5e1-4ae6-ba5e-15138237e9af","type":"Feature","geometry":{"type":"Polygon","coordinates":[[[144.2806956,-36.7605131],[144.2802803,-36.7601542],[144.2801128,-36.7602785],[144.2802694,-36.7604139],[144.2803512,-36.7604846],[144.280528,-36.7606375],[144.2806956,-36.7605131]]]},"properties":{"names":{"primary":"Commonwealth Bank","common":null,"rules":null},"sources":[{"property":"","dataset":"OpenStreetMap","license":"ODbL-1.0","record_id":"w838389727@6","update_time":"2025-03-04T08:40:07.000Z","confidence":null,"between":null,"provider":"osm","resource":"planet","version":"2026-08-02T00:00:00.000Z"}],"is_underground":false,"has_parts":false,"version":1}},
{"id":"4010fc6c-4588-4ad2-a8dc-a970eabb5603","type":"Feature","geometry":{"type":"Polygon","coordinates":[[[144.2803138,-36.7605125],[144.2802129,-36.760587],[144.280285,-36.7606497],[144.2803994,-36.7605652],[144.2803273,-36.7605025],[144.2803138,-36.7605125]]]},"properties":{"sources":[{"property":"","dataset":"OpenStreetMap","license":"ODbL-1.0","record_id":"w838389719@2","update_time":"2021-06-16T21:44:17.000Z","confidence":null,"between":null,"provider":"osm","resource":"planet","version":"2026-08-02T00:00:00.000Z"}],"is_underground":false,"subtype":"commercial","class":"retail","has_parts":false,"version":1}},
{"id":"36a51a13-d33b-45a2-a221-89b294286f96","type":"Feature","geometry":{"type":"Polygon","coordinates":[[[144.2801283,-36.7608333],[144.2801911,-36.7608876],[144.2805044,-36.760655],[144.2804416,-36.7606007],[144.2801283,-36.7608333]]]},"properties":{"sources":[{"property":"","dataset":"OpenStreetMap","license":"ODbL-1.0","record_id":"w838389716@5","update_time":"2025-03-04T08:40:07.000Z","confidence":null,"between":null,"provider":"osm","resource":"planet","version":"2026-08-02T00:00:00.000Z"}],"is_underground":false,"num_floors":1,"subtype":"commercial","class":"retail","has_parts":false,"version":1}},
{"id":"7cc1170a-3db7-4d8c-b497-36215a9833a0","type":"Feature","geometry":{"type":"Polygon","coordinates":[[[144.2805844,-36.7606862],[144.280528,-36.7606375],[144.2805044,-36.760655],[144.2801911,-36.7608876],[144.2802487,-36.7609354],[144.2803512,-36.7608593],[144.2805844,-36.7606862]]]},"properties":{"sources":[{"property":"","dataset":"OpenStreetMap","license":"ODbL-1.0","record_id":"w838389717@8","update_time":"2025-03-04T08:40:07.000Z","confidence":null,"between":null,"provider":"osm","resource":"planet","version":"2026-08-02T00:00:00.000Z"}],"is_underground":false,"num_floors":2,"subtype":"commercial","class":"retail","has_parts":false,"version":1}},
{"id":"e99e0f4f-6909-4472-9caa-565184982188","type":"Feature","geometry":{"type":"Polygon","coordinates":[[[144.2805094,-36.7609995],[144.2807461,-36.7608259],[144.2805844,-36.7606862],[144.2803512,-36.7608593],[144.2802487,-36.7609354],[144.2804084,-36.7610736],[144.2805094,-36.7609995]]]},"properties":{"names":{"primary":"Westpac","common":null,"rules":null},"sources":[{"property":"","dataset":"OpenStreetMap","license":"ODbL-1.0","record_id":"w838389718@7","update_time":"2025-11-05T11:26:27.000Z","confidence":null,"between":null,"provider":"osm","resource":"planet","version":"2026-08-02T00:00:00.000Z"}],"is_underground":false,"has_parts":false,"version":3}},
{"id":"cdc1635e-66e0-433f-8c9f-3c72e361c5d3","type":"Feature","geometry":{"type":"Polygon","coordinates":[[[144.2802803,-36.7601542],[144.2806956,-36.7605131],[144.280528,-36.7606375],[144.2805844,-36.7606862],[144.2807461,-36.7608259],[144.2807978,-36.7607879],[144.2810316,-36.7606164],[144.2810779,-36.7605824],[144.280858,-36.7603925],[144.2804427,-36.7600336],[144.2803669,-36.7600899],[144.2802803,-36.7601542]]]},"properties":{"names":{"primary":"Officeworks","common":null,"rules":null},"sources":[{"property":"","dataset":"OpenStreetMap","license":"ODbL-1.0","record_id":"w838389728@14","update_time":"2025-11-05T11:26:27.000Z","confidence":null,"between":null,"provider":"osm","resource":"planet","version":"2026-08-02T00:00:00.000Z"}],"level":1,"is_underground":false,"num_floors":2,"subtype":"commercial","class":"retail","has_parts":false,"version":3}},
{"id":"c48cb10c-d809-42e4-b942-d685aba49836","type":"Feature","geometry":{"type":"Polygon","coordinates":[[[144.280858,-36.7603925],[144.2810779,-36.7605824],[144.2811611,-36.7605213],[144.2812402,-36.7604633],[144.2810186,-36.7602718],[144.280937,-36.7602013],[144.2806042,-36.7599137],[144.2805337,-36.7599663],[144.2804427,-36.7600336],[144.280858,-36.7603925]]]},"properties":{"sources":[{"property":"","dataset":"OpenStreetMap","license":"ODbL-1.0","record_id":"w838389729@5","update_time":"2025-11-12T01:11:28.000Z","confidence":null,"between":null,"provider":"osm","resource":"planet","version":"2026-08-02T00:00:00.000Z"}],"is_underground":false,"subtype":"commercial","class":"retail","has_parts":false,"version":4}},
{"id":"1a7ab315-ec1b-499c-97a8-2c0c6a7fae15","type":"Feature","geometry":{"type":"Polygon","coordinates":[[[144.2806788,-36.7598583],[144.2806042,-36.7599137],[144.280937,-36.7602013],[144.2810116,-36.7601459],[144.2810049,-36.7601402],[144.2806788,-36.7598583]]]},"properties":{"sources":[{"property":"","dataset":"OpenStreetMap","license":"ODbL-1.0","record_id":"w838389713@5","update_time":"2025-03-04T08:39:49.000Z","confidence":null,"between":null,"provider":"osm","resource":"planet","version":"2026-08-02T00:00:00.000Z"}],"is_underground":false,"num_floors":3,"subtype":"commercial","class":"retail","has_parts":false,"version":1}},
{"id":"fb7e771d-8197-4144-ad55-7e1c60842c60","type":"Feature","geometry":{"type":"Polygon","coordinates":[[[144.2809877,-36.7600113],[144.2807512,-36.7598045],[144.2806788,-36.7598583],[144.2810049,-36.7601402],[144.2810752,-36.760088],[144.28104,-36.7600569],[144.2809877,-36.7600113]]]},"properties":{"names":{"primary":"Evans Shoes Outlet Bendigo","common":null,"rules":null},"sources":[{"property":"","dataset":"OpenStreetMap","license":"ODbL-1.0","record_id":"w838424077@9","update_time":"2025-03-04T08:39:49.000Z","confidence":null,"between":null,"provider":"osm","resource":"planet","version":"2026-08-02T00:00:00.000Z"}],"is_underground":false,"num_floors":2,"subtype":"commercial","class":"retail","has_parts":false,"version":1}},
{"id":"395cfc2e-78b4-48df-bb74-a0b0a58f918d","type":"Feature","geometry":{"type":"Polygon","coordinates":[[[144.2812883,-36.7607964],[144.2811678,-36.7608823],[144.2813934,-36.7610845],[144.2814682,-36.7609547],[144.2812883,-36.7607964]]]},"properties":{"names":{"primary":"Bargain Buys","common":null,"rules":null},"sources":[{"property":"","dataset":"OpenStreetMap","license":"ODbL-1.0","record_id":"w837682663@4","update_time":"2025-11-12T01:11:28.000Z","confidence":null,"between":null,"provider":"osm","resource":"planet","version":"2026-08-02T00:00:00.000Z"}],"is_underground":false,"has_parts":false,"version":4}},
{"id":"a5737b2e-238f-4512-a2e3-2209a7d3732e","type":"Feature","geometry":{"type":"Polygon","coordinates":[[[144.2810186,-36.7602718],[144.2812402,-36.7604633],[144.2813103,-36.7604119],[144.2814049,-36.7603424],[144.2812471,-36.760204],[144.2810958,-36.7600728],[144.2810752,-36.760088],[144.2810049,-36.7601402],[144.2810116,-36.7601459],[144.280937,-36.7602013],[144.2810186,-36.7602718]]]},"properties":{"sources":[{"property":"","dataset":"OpenStreetMap","license":"ODbL-1.0","record_id":"w838389711@6","update_time":"2025-11-05T11:26:27.000Z","confidence":null,"between":null,"provider":"osm","resource":"planet","version":"2026-08-02T00:00:00.000Z"}],"is_underground":false,"subtype":"commercial","class":"retail","has_parts":false,"version":3}},
{"id":"489e5058-56fb-430a-800a-dac62bc2ce27","type":"Feature","geometry":{"type":"Polygon","coordinates":[[[144.2814764,-36.7600342],[144.2815638,-36.7599696],[144.2814125,-36.7598384],[144.2810958,-36.7600728],[144.2812471,-36.760204],[144.2813268,-36.760145],[144.2813486,-36.7601288],[144.2814764,-36.7600342]]]},"properties":{"names":{"primary":"Bicknells","common":null,"rules":null},"sources":[{"property":"","dataset":"OpenStreetMap","license":"ODbL-1.0","record_id":"w838389710@9","update_time":"2025-03-04T08:39:49.000Z","confidence":null,"between":null,"provider":"osm","resource":"planet","version":"2026-08-02T00:00:00.000Z"}],"is_underground":false,"subtype":"commercial","class":"retail","has_parts":false,"version":1}},
{"id":"fc517727-70c8-4a1b-8e34-05abc7865e8e","type":"Feature","geometry":{"type":"Polygon","coordinates":[[[144.2811607,-36.7599683],[144.2810844,-36.7599017],[144.2810204,-36.7599486],[144.2810444,-36.7599697],[144.2810967,-36.7600153],[144.2811607,-36.7599683]]]},"properties":{"sources":[{"property":"","dataset":"OpenStreetMap","license":"ODbL-1.0","record_id":"w838424075@3","update_time":"2025-03-04T08:39:49.000Z","confidence":null,"between":null,"provider":"osm","resource":"planet","version":"2026-08-02T00:00:00.000Z"}],"is_underground":false,"subtype":"commercial","class":"retail","has_parts":false,"version":1}},
{"id":"470d80f1-188b-4c7a-b1e4-97c1ddce41ce","type":"Feature","geometry":{"type":"Polygon","coordinates":[[[144.2810844,-36.7599017],[144.2811465,-36.759856],[144.2809337,-36.7596705],[144.2808719,-36.7597159],[144.2810844,-36.7599017]]]},"properties":{"sources":[{"property":"","dataset":"OpenStreetMap","license":"ODbL-1.0","record_id":"w838389705@7","update_time":"2025-03-04T08:39:49.000Z","confidence":null,"between":null,"provider":"osm","resource":"planet","version":"2026-08-02T00:00:00.000Z"}],"is_underground":false,"num_floors":2,"subtype":"commercial","class":"retail","has_parts":false,"version":1}},
{"id":"128cdb0c-3ed8-4c60-9b77-f415de492237","type":"Feature","geometry":{"type":"Polygon","coordinates":[[[144.2809861,-36.7596322],[144.2809337,-36.7596705],[144.2811465,-36.759856],[144.2811988,-36.7598175],[144.2809861,-36.7596322]]]},"properties":{"sources":[{"property":"","dataset":"OpenStreetMap","license":"ODbL-1.0","record_id":"w838389703@6","update_time":"2025-03-04T08:39:49.000Z","confidence":null,"between":null,"provider":"osm","resource":"planet","version":"2026-08-02T00:00:00.000Z"}],"is_underground":false,"num_floors":2,"subtype":"commercial","class":"retail","has_parts":false,"version":1}},
{"id":"88849e3a-169e-4254-a58a-088b663cdb18","type":"Feature","geometry":{"type":"Polygon","coordinates":[[[144.2812229,-36.7599226],[144.2811465,-36.759856],[144.2810844,-36.7599017],[144.2811607,-36.7599683],[144.2812229,-36.7599226]]]},"properties":{"sources":[{"property":"","dataset":"OpenStreetMap","license":"ODbL-1.0","record_id":"w838424076@4","update_time":"2025-03-04T08:39:49.000Z","confidence":null,"between":null,"provider":"osm","resource":"planet","version":"2026-08-02T00:00:00.000Z"}],"is_underground":false,"subtype":"commercial","class":"retail","has_parts":false,"version":1}},
{"id":"4c214ce4-7ac6-4012-8c35-3fdee54d4d62","type":"Feature","geometry":{"type":"Polygon","coordinates":[[[144.2811988,-36.7598175],[144.2813076,-36.7597374],[144.281095,-36.7595519],[144.2810558,-36.7595808],[144.2809861,-36.7596322],[144.2811988,-36.7598175]]]},"properties":{"names":{"primary":"Sportsco","common":null,"rules":null},"sources":[{"property":"","dataset":"OpenStreetMap","license":"ODbL-1.0","record_id":"w838389702@10","update_time":"2025-03-04T08:39:49.000Z","confidence":null,"between":null,"provider":"osm","resource":"planet","version":"2026-08-02T00:00:00.000Z"}],"is_underground":false,"subtype":"commercial","class":"retail","has_parts":false,"version":1}},
{"id":"27db6793-dddf-4791-9137-ab21f9ec2c5c","type":"Feature","geometry":{"type":"Polygon","coordinates":[[[144.2809325,-36.7589982],[144.2810076,-36.7590638],[144.2811685,-36.7589457],[144.2810935,-36.7588801],[144.2809325,-36.7589982]]]},"properties":{"names":{"primary":"Elite Supps Bendigo","common":null,"rules":null},"sources":[{"property":"","dataset":"OpenStreetMap","license":"ODbL-1.0","record_id":"w836656876@8","update_time":"2025-11-12T01:11:28.000Z","confidence":null,"between":null,"provider":"osm","resource":"planet","version":"2026-08-02T00:00:00.000Z"}],"is_underground":false,"num_floors":1,"subtype":"commercial","class":"retail","has_parts":false,"version":3}},
{"id":"046d0026-2f57-45c3-a60a-6b87c5359734","type":"Feature","geometry":{"type":"Polygon","coordinates":[[[144.2810076,-36.7590638],[144.2810832,-36.75913],[144.2812442,-36.7590118],[144.2811685,-36.7589457],[144.2810076,-36.7590638]]]},"properties":{"names":{"primary":"Lone wolf barbershop","common":null,"rules":null},"sources":[{"property":"","dataset":"OpenStreetMap","license":"ODbL-1.0","record_id":"w836396732@10","update_time":"2025-11-12T01:11:28.000Z","confidence":null,"between":null,"provider":"osm","resource":"planet","version":"2026-08-02T00:00:00.000Z"}],"is_underground":false,"num_floors":2,"has_parts":false,"version":3}},
{"id":"93ccf6a5-d455-45b4-8f1e-0eb036e9f299","type":"Feature","geometry":{"type":"Polygon","coordinates":[[[144.2811588,-36.7591787],[144.281309,-36.7590685],[144.2812442,-36.7590118],[144.2810832,-36.75913],[144.2811326,-36.7591732],[144.2811588,-36.7591787]]]},"properties":{"sources":[{"property":"","dataset":"OpenStreetMap","license":"ODbL-1.0","record_id":"w836396735@6","update_time":"2025-11-12T01:11:28.000Z","confidence":null,"between":null,"provider":"osm","resource":"planet","version":"2026-08-02T00:00:00.000Z"}],"is_underground":false,"num_floors":2,"subtype":"commercial","class":"retail","roof_shape":"hipped","has_parts":false,"version":3}},
{"id":"de5785a0-69b6-460f-b610-8aa1da6834a2","type":"Feature","geometry":{"type":"Polygon","coordinates":[[[144.281119,-36.7595342],[144.281095,-36.7595519],[144.2813076,-36.7597374],[144.2813317,-36.7597196],[144.281119,-36.7595342]]]},"properties":{"sources":[{"property":"","dataset":"OpenStreetMap","license":"ODbL-1.0","record_id":"w1290371138@1","update_time":"2024-06-08T03:20:00.000Z","confidence":null,"between":null,"provider":"osm","resource":"planet","version":"2026-08-02T00:00:00.000Z"}],"level":1,"is_underground":false,"subtype":"outbuilding","class":"roof","has_parts":false,"version":1}},
{"id":"fab0b3cd-0dbe-4457-b733-ff0e1cf3d6e4","type":"Feature","geometry":{"type":"Polygon","coordinates":[[[144.2812229,-36.7599226],[144.281384,-36.759804],[144.2813076,-36.7597374],[144.2811988,-36.7598175],[144.2811465,-36.759856],[144.2812229,-36.7599226]]]},"properties":{"names":{"primary":"Virtu","common":null,"rules":null},"sources":[{"property":"","dataset":"OpenStreetMap","license":"ODbL-1.0","record_id":"w838844008@7","update_time":"2025-03-04T08:39:49.000Z","confidence":null,"between":null,"provider":"osm","resource":"planet","version":"2026-08-02T00:00:00.000Z"}],"is_underground":false,"subtype":"commercial","class":"retail","has_parts":false,"version":1}},
{"id":"d27ed69a-1fd1-4b78-9e94-5b15591b7641","type":"Feature","geometry":{"type":"Polygon","coordinates":[[[144.2813317,-36.7597196],[144.2813076,-36.7597374],[144.281384,-36.759804],[144.2814081,-36.7597862],[144.2813317,-36.7597196]]]},"properties":{"sources":[{"property":"","dataset":"OpenStreetMap","license":"ODbL-1.0","record_id":"w1290371137@1","update_time":"2024-06-08T03:20:00.000Z","confidence":null,"between":null,"provider":"osm","resource":"planet","version":"2026-08-02T00:00:00.000Z"}],"level":1,"is_underground":false,"subtype":"outbuilding","class":"roof","has_parts":false,"version":1}},
{"id":"5b990e88-0f7e-43cb-af35-4cef0d6018a0","type":"Feature","geometry":{"type":"Polygon","coordinates":[[[144.2814449,-36.7598144],[144.2814125,-36.7598384],[144.2815638,-36.7599696],[144.2815897,-36.7599504],[144.2815962,-36.7599456],[144.2814449,-36.7598144]]]},"properties":{"sources":[{"property":"","dataset":"OpenStreetMap","license":"ODbL-1.0","record_id":"w1290371136@2","update_time":"2024-06-08T03:31:46.000Z","confidence":null,"between":null,"provider":"osm","resource":"planet","version":"2026-08-02T00:00:00.000Z"}],"level":1,"is_underground":false,"subtype":"outbuilding","class":"roof","has_parts":false,"version":1}},
{"id":"fdcdc2f7-da19-4798-8076-e8f0a6ad6664","type":"Feature","geometry":{"type":"Polygon","coordinates":[[[144.2816247,-36.7594182],[144.2814923,-36.7593016],[144.2813922,-36.7593746],[144.2813836,-36.7593822],[144.2813794,-36.759392],[144.28138,-36.7594006],[144.2813841,-36.7594086],[144.2817283,-36.7597116],[144.2818274,-36.7596393],[144.2817477,-36.7595691],[144.2817668,-36.7595552],[144.2816173,-36.7594236],[144.2816247,-36.7594182]]]},"properties":{"names":{"primary":"Bendigo Post Office","common":[["en","Bendigo Post Office"],["zh","本迪戈邮政局"],["zh-Hans","本迪戈邮政局"],["zh-Hant","本迪戈郵政局"]],"rules":null},"sources":[{"property":"","dataset":"OpenStreetMap","license":"ODbL-1.0","record_id":"w51676632@20","update_time":"2026-02-16T04:50:56.000Z","confidence":null,"between":null,"provider":"osm","resource":"planet","version":"2026-08-02T00:00:00.000Z"},{"property":"/properties/height","dataset":"Microsoft ML Buildings","license":"ODbL-1.0","record_id":null,"update_time":"2000-01-01T00:00:00.000Z","confidence":null,"between":null,"provider":"microsoft","resource":"ml_buildings","version":"2025-02-25"}],"height":8.624055862426758,"is_underground":false,"subtype":"civic","class":"post_office","has_parts":false,"version":5}},
{"id":"961cc5cf-c221-421d-82d5-62682eb68b36","type":"Feature","geometry":{"type":"Polygon","coordinates":[[[144.2816364,-36.760173],[144.2817239,-36.7601085],[144.2815638,-36.7599696],[144.2814764,-36.7600342],[144.2816364,-36.760173]]]},"properties":{"names":{"primary":"Blue Illusion","common":null,"rules":null},"sources":[{"property":"","dataset":"OpenStreetMap","license":"ODbL-1.0","record_id":"w838389712@9","update_time":"2026-05-06T04:53:51.000Z","confidence":null,"between":null,"provider":"osm","resource":"planet","version":"2026-08-02T00:00:00.000Z"}],"is_underground":false,"subtype":"commercial","class":"retail","has_parts":false,"version":3}},
{"id":"0410b46b-e455-4998-a970-4d3fcb6bc7d9","type":"Feature","geometry":{"type":"Polygon","coordinates":[[[144.2815083,-36.7602673],[144.2816364,-36.760173],[144.2814764,-36.7600342],[144.2813486,-36.7601288],[144.2815083,-36.7602673]]]},"properties":{"names":{"primary":"Club X","common":null,"rules":null},"sources":[{"property":"","dataset":"OpenStreetMap","license":"ODbL-1.0","record_id":"w838389709@7","update_time":"2026-06-06T01:56:34.000Z","confidence":null,"between":null,"provider":"osm","resource":"planet","version":"2026-08-02T00:00:00.000Z"}],"is_underground":false,"has_parts":false,"version":4}},
{"id":"b872f94f-f241-4d43-9dbe-ea65bf476b73","type":"Feature","geometry":{"type":"Polygon","coordinates":[[[144.2814049,-36.7603424],[144.2814851,-36.7602836],[144.2813268,-36.760145],[144.2812471,-36.760204],[144.2814049,-36.7603424]]]},"properties":{"sources":[{"property":"","dataset":"OpenStreetMap","license":"ODbL-1.0","record_id":"w838389708@4","update_time":"2025-11-05T11:26:27.000Z","confidence":null,"between":null,"provider":"osm","resource":"planet","version":"2026-08-02T00:00:00.000Z"}],"is_underground":false,"subtype":"commercial","class":"retail","has_parts":false,"version":3}},
{"id":"7a0581eb-c24c-4794-b0c6-95df27700c13","type":"Feature","geometry":{"type":"Polygon","coordinates":[[[144.2812883,-36.7607964],[144.2814682,-36.7609547],[144.2813934,-36.7610845],[144.2813642,-36.7611343],[144.2816541,-36.7611748],[144.281698,-36.760992],[144.2817424,-36.7608072],[144.2815708,-36.7607828],[144.2814593,-36.7606746],[144.2813725,-36.7607367],[144.2812883,-36.7607964]]]},"properties":{"names":{"primary":"Abott Arcade","common":null,"rules":null},"sources":[{"property":"","dataset":"OpenStreetMap","license":"ODbL-1.0","record_id":"w837682664@5","update_time":"2025-11-12T01:11:28.000Z","confidence":null,"between":null,"provider":"osm","resource":"planet","version":"2026-08-02T00:00:00.000Z"}],"is_underground":false,"has_parts":false,"version":4}},
{"id":"6763855d-7249-46e9-9162-e95f78c4a980","type":"Feature","geometry":{"type":"Polygon","coordinates":[[[144.2814593,-36.7606746],[144.2815708,-36.7607828],[144.2817424,-36.7608072],[144.2817633,-36.760718],[144.281639,-36.7607016],[144.2815437,-36.7606145],[144.2814593,-36.7606746]]]},"properties":{"names":{"primary":"Chemist Discount Centre","common":null,"rules":null},"sources":[{"property":"","dataset":"OpenStreetMap","license":"ODbL-1.0","record_id":"w837682667@4","update_time":"2025-11-12T01:11:28.000Z","confidence":null,"between":null,"provider":"osm","resource":"planet","version":"2026-08-02T00:00:00.000Z"}],"is_underground":false,"has_parts":false,"version":4}},
{"id":"a788f932-fd12-4e8b-8f80-9f6efa5773c8","type":"Feature","geometry":{"type":"Polygon","coordinates":[[[144.2814015,-36.7586474],[144.2816173,-36.7588387],[144.2817848,-36.7587166],[144.281588,-36.7585432],[144.2815682,-36.7585257],[144.2815362,-36.758549],[144.281511,-36.7585674],[144.2814595,-36.7586047],[144.2814015,-36.7586474]]]},"properties":{"names":{"primary":"Old Crown Hotel","common":[["en","Old Crown Hotel"]],"rules":null},"sources":[{"property":"","dataset":"OpenStreetMap","license":"ODbL-1.0","record_id":"w836396729@4","update_time":"2026-02-16T04:50:56.000Z","confidence":null,"between":null,"provider":"osm","resource":"planet","version":"2026-08-02T00:00:00.000Z"}],"is_underground":false,"subtype":"commercial","has_parts":false,"version":3}},
{"id":"d5d18937-150c-44e6-ad32-26b640e11e76","type":"Feature","geometry":{"type":"Polygon","coordinates":[[[144.2814785,-36.7584477],[144.2815348,-36.7584967],[144.2817422,-36.7583441],[144.2816863,-36.758295],[144.2815291,-36.7584103],[144.2814785,-36.7584477]]]},"properties":{"names":{"primary":"Cafe Essence","common":null,"rules":null},"sources":[{"property":"","dataset":"OpenStreetMap","license":"ODbL-1.0","record_id":"w836396727@4","update_time":"2025-03-04T08:39:41.000Z","confidence":null,"between":null,"provider":"osm","resource":"planet","version":"2026-08-02T00:00:00.000Z"}],"is_underground":false,"subtype":"commercial","has_parts":false,"version":1}},
{"id":"10c58762-2fa1-4a8e-aa40-5df46fcd48e5","type":"Feature","geometry":{"type":"Polygon","coordinates":[[[144.2814429,-36.758562],[144.2814769,-36.7585373],[144.281511,-36.7585674],[144.2815362,-36.758549],[144.2815021,-36.7585189],[144.2815241,-36.7585029],[144.2814728,-36.7584577],[144.2813917,-36.7585168],[144.2814429,-36.758562]]]},"properties":{"sources":[{"property":"","dataset":"OpenStreetMap","license":"ODbL-1.0","record_id":"w836396717@4","update_time":"2025-03-04T08:39:41.000Z","confidence":null,"between":null,"provider":"osm","resource":"planet","version":"2026-08-02T00:00:00.000Z"}],"is_underground":false,"subtype":"commercial","class":"retail","has_parts":false,"version":1}},
{"id":"22cdf5f1-c3e7-464d-9cef-3091df141353","type":"Feature","geometry":{"type":"Polygon","coordinates":[[[144.2813599,-36.7584004],[144.281328,-36.7584239],[144.2812877,-36.7584544],[144.2812292,-36.7584976],[144.2814015,-36.7586474],[144.2814595,-36.7586047],[144.2813326,-36.7584943],[144.2814058,-36.7584403],[144.2813599,-36.7584004]]]},"properties":{"sources":[{"property":"","dataset":"OpenStreetMap","license":"ODbL-1.0","record_id":"w836396716@3","update_time":"2025-03-04T08:39:41.000Z","confidence":null,"between":null,"provider":"osm","resource":"planet","version":"2026-08-02T00:00:00.000Z"}],"is_underground":false,"has_parts":false,"version":1}},
{"id":"3785c38a-07eb-4e8e-83d0-e8f7f4608bba","type":"Feature","geometry":{"type":"Polygon","coordinates":[[[144.2810332,-36.7586566],[144.280927,-36.7587345],[144.2810093,-36.7588065],[144.2810879,-36.7588752],[144.2810935,-36.7588801],[144.2811685,-36.7589457],[144.2812442,-36.7590118],[144.281309,-36.7590685],[144.2814134,-36.7589904],[144.2815873,-36.7588627],[144.2812027,-36.7585323],[144.2810482,-36.7586456],[144.2810332,-36.7586566]]]},"properties":{"names":{"primary":"Hargraves Street Multi Storey Car Park","common":null,"rules":null},"sources":[{"property":"","dataset":"OpenStreetMap","license":"ODbL-1.0","record_id":"w836396734@7","update_time":"2025-11-14T12:08:06.000Z","confidence":null,"between":null,"provider":"osm","resource":"planet","version":"2026-08-02T00:00:00.000Z"}],"level":2,"is_underground":false,"subtype":"transportation","class":"parking","has_parts":false,"version":3}},
{"id":"6cffcbba-a5e9-408d-88cd-8e6f7b457dfe","type":"Feature","geometry":{"type":"Polygon","coordinates":[[[144.2811482,-36.7583337],[144.2811001,-36.758291],[144.2810265,-36.7583447],[144.2812146,-36.7585083],[144.2812292,-36.7584976],[144.2812877,-36.7584544],[144.2811482,-36.7583337]]]},"properties":{"names":{"primary":"GPO Bendigo","common":null,"rules":null},"sources":[{"property":"","dataset":"OpenStreetMap","license":"ODbL-1.0","record_id":"w836396719@5","update_time":"2026-05-06T04:53:51.000Z","confidence":null,"between":null,"provider":"osm","resource":"planet","version":"2026-08-02T00:00:00.000Z"}],"is_underground":false,"subtype":"commercial","has_parts":false,"version":4}}]}